hourday,is_weekend,mean_footfall
0,False,76.63508724100328
0,True,59.385645604395606
1,False,76.73541439476554
1,True,59.65728021978022
2,False,76.28162486368593
2,True,59.56284340659341
3,False,77.05261723009815
3,True,59.79429945054945
4,False,78.66698473282443
4,True,60.842032967032964
5,False,86.55357142857143
5,True,67.3385989010989
6,False,110.77385496183206
6,True,86.31112637362638
7,False,154.74182115594328
7,True,120.32726648351648
8,False,196.32033805888767
8,True,153.42513736263737
9,False,199.05602508178845
9,True,154.65521978021977
10,False,167.79307524536532
10,True,130.48660714285714
11,False,139.35196292257362
11,True,108.42616758241758
12,False,133.08056161395857
12,True,104.48798076923077
13,False,134.58601417666304
13,True,106.41895604395604
14,False,129.49154852780808
14,True,105.21085164835165
15,False,124.28053435114504
15,True,104.63221153846153
16,False,133.61273173391493
16,True,120.0673076923077
17,False,165.2788985823337
17,True,160.90934065934067
18,False,211.51649400218102
18,True,225.71428571428572
19,False,259.9183478735005
19,True,299.3090659340659
20,False,297.8797709923664
20,True,354.16586538461536
21,False,310.7115594329335
21,True,369.823489010989
22,False,288.36736641221376
22,True,330.39869505494505
23,False,229.85046346782988
23,True,245.27232142857142
