location_id,sensor_description,sensor_name,installation_date,note,location_type,status,direction_1,direction_2,latitude,longitude,location,avg_hourly_footfall,avg_night_footfall,avg_weekend_night_footfall,avg_weekday_night_footfall,n_hourly_observations,music_venues_within_radius,cafes_within_radius,cafe_seats_within_radius,bars_within_radius,bar_capacity_within_radius
1,Synthetic pedestrian sensor 1,SYN_SENSOR_01,2019-01-01,Synthetic demo record,Outdoor,A,North,South,-37.81201709616221,144.96522215603906,POINT (144.96522215603906 -37.81201709616221),182.74112021857923,325.05692167577416,355.4647435897436,312.98664122137404,8784,21,29,2023.0,9,1842.0
2,Synthetic pedestrian sensor 2,SYN_SENSOR_02,2019-01-01,Synthetic demo record,Outdoor,A,North,South,-37.813360800935904,144.95890318534668,POINT (144.95890318534668 -37.813360800935904),182.87864298724955,325.6962659380692,356.51762820512823,313.4618320610687,8784,18,25,1557.0,12,2516.0
3,Synthetic pedestrian sensor 3,SYN_SENSOR_03,2019-01-01,Synthetic demo record,Outdoor,A,North,South,-37.81359962023109,144.95698173690408,POINT (144.95698173690408 -37.81359962023109),182.86714480874318,327.37158469945354,359.7692307692308,314.51145038167937,8784,16,22,1318.0,11,2517.0
4,Synthetic pedestrian sensor 4,SYN_SENSOR_04,2019-01-01,Synthetic demo record,Outdoor,A,North,South,-37.81684701115094,144.969651286242,POINT (144.969651286242 -37.81684701115094),182.5846994535519,324.591985428051,356.81570512820514,311.80089058524175,8784,10,10,549.0,4,670.0
5,Synthetic pedestrian sensor 5,SYN_SENSOR_05,2019-01-01,Synthetic demo record,Outdoor,A,North,South,-37.81217577582248,144.9645451207383,POINT (144.9645451207383 -37.812175775822475),182.99419398907105,327.1325136612022,359.29647435897436,314.3651399491094,8784,22,30,1922.0,9,1842.0
6,Synthetic pedestrian sensor 6,SYN_SENSOR_06,2019-01-01,Synthetic demo record,Outdoor,A,North,South,-37.81403778969286,144.96574078871865,POINT (144.96574078871865 -37.81403778969286),182.58504098360655,325.79918032786884,359.54487179487177,312.4039440203562,8784,25,26,1655.0,9,1473.0
7,Synthetic pedestrian sensor 7,SYN_SENSOR_07,2019-01-01,Synthetic demo record,Outdoor,A,North,South,-37.804180742609816,144.95350477707163,POINT (144.95350477707163 -37.804180742609816),130.55088797814207,222.61885245901638,243.87660256410257,214.18066157760813,8784,1,7,504.0,2,391.0
8,Synthetic pedestrian sensor 8,SYN_SENSOR_08,2019-01-01,Synthetic demo record,Outdoor,A,North,South,-37.80651990293886,144.96820091164858,POINT (144.96820091164858 -37.80651990293886),160.04109744990893,280.8533697632058,309.15384615384613,269.61959287531806,8784,6,21,1392.0,8,1302.0
9,Synthetic pedestrian sensor 9,SYN_SENSOR_09,2019-01-01,Synthetic demo record,Outdoor,A,North,South,-37.79895510847804,144.96593081452562,POINT (144.96593081452562 -37.79895510847804),159.8494990892532,279.5450819672131,306.57211538461536,268.8167938931298,8784,13,16,1103.0,7,1210.0
10,Synthetic pedestrian sensor 10,SYN_SENSOR_10,2019-01-01,Synthetic demo record,Outdoor,A,North,South,-37.805996938079865,144.96511412441987,POINT (144.96511412441987 -37.805996938079865),160.48144353369764,281.64162112932604,309.00160256410254,270.7811704834606,8784,9,21,1508.0,11,1751.0
11,Synthetic pedestrian sensor 11,SYN_SENSOR_11,2019-01-01,Synthetic demo record,Outdoor,A,North,South,-37.80312186163353,144.96733909381655,POINT (144.96733909381655 -37.80312186163353),160.02106102003643,279.91621129326046,308.82371794871796,268.441475826972,8784,13,17,1213.0,11,1720.0
12,Synthetic pedestrian sensor 12,SYN_SENSOR_12,2019-01-01,Synthetic demo record,Outdoor,A,North,South,-37.7998132725804,144.97459320585145,POINT (144.97459320585145 -37.799813272580394),159.78415300546447,279.35883424408013,308.3189102564103,267.86323155216286,8784,4,9,667.0,4,693.0
13,Synthetic pedestrian sensor 13,SYN_SENSOR_13,2019-01-01,Synthetic demo record,Outdoor,A,North,South,-37.8007638994074,144.95238337857486,POINT (144.95238337857486 -37.8007638994074),130.25796903460838,220.84426229508196,240.44871794871796,213.0623409669211,8784,0,6,511.0,2,391.0
14,Synthetic pedestrian sensor 14,SYN_SENSOR_14,2019-01-01,Synthetic demo record,Outdoor,A,North,South,-37.80231477033612,144.9651973235452,POINT (144.9651973235452 -37.80231477033612),160.0275500910747,279.58105646630236,304.86538461538464,269.54452926208654,8784,14,14,958.0,13,2171.0
15,Synthetic pedestrian sensor 15,SYN_SENSOR_15,2019-01-01,Synthetic demo record,Outdoor,A,North,South,-37.82170569410382,144.9650004261779,POINT (144.9650004261779 -37.82170569410382),182.80771857923497,326.04189435336974,357.4727564102564,313.56552162849874,8784,3,6,323.0,12,1865.0
16,Synthetic pedestrian sensor 16,SYN_SENSOR_16,2019-01-01,Synthetic demo record,Outdoor,A,North,South,-37.8211680270464,144.94706376227296,POINT (144.94706376227296 -37.821168027046404),145.35405282331513,251.28688524590163,276.22435897435895,241.38804071246818,8784,3,5,376.0,3,493.0
17,Synthetic pedestrian sensor 17,SYN_SENSOR_17,2019-01-01,Synthetic demo record,Outdoor,A,North,South,-37.82417361561594,144.96025105407534,POINT (144.96025105407534 -37.82417361561594),144.90425774134792,249.85154826958106,271.8173076923077,241.1323155216285,8784,4,17,1272.0,11,1929.0
18,Synthetic pedestrian sensor 18,SYN_SENSOR_18,2019-01-01,Synthetic demo record,Outdoor,A,North,South,-37.83040524802115,144.95369311127283,POINT (144.95369311127283 -37.83040524802115),145.04826958105647,249.76001821493625,274.0544871794872,240.11641221374046,8784,4,4,317.0,3,614.0
19,Synthetic pedestrian sensor 19,SYN_SENSOR_19,2019-01-01,Synthetic demo record,Outdoor,A,North,South,-37.821024020323286,144.95516271609793,POINT (144.95516271609793 -37.821024020323286),145.26058743169398,249.71766848816029,274.2564102564103,239.9770992366412,8784,9,23,1692.0,7,1145.0
20,Synthetic pedestrian sensor 20,SYN_SENSOR_20,2019-01-01,Synthetic demo record,Outdoor,A,North,South,-37.816738043298166,144.95652771382976,POINT (144.95652771382976 -37.816738043298166),145.00956284153006,250.38706739526413,276.1105769230769,240.1762086513995,8784,14,18,1089.0,10,2142.0
21,Synthetic pedestrian sensor 21,SYN_SENSOR_21,2019-01-01,Synthetic demo record,Outdoor,A,North,South,-37.8135050527756,144.95347576538938,POINT (144.95347576538938 -37.8135050527756),130.42679872495447,221.94262295081967,243.39583333333334,213.426844783715,8784,8,12,708.0,11,2659.0
22,Synthetic pedestrian sensor 22,SYN_SENSOR_22,2019-01-01,Synthetic demo record,Outdoor,A,North,South,-37.806149799323855,144.94941497673412,POINT (144.94941497673412 -37.806149799323855),130.2528460837887,222.5842440801457,244.82371794871796,213.7563613231552,8784,1,7,490.0,4,876.0
23,Synthetic pedestrian sensor 23,SYN_SENSOR_23,2019-01-01,Synthetic demo record,Outdoor,A,North,South,-37.80937805141105,144.95659163989393,POINT (144.95659163989393 -37.80937805141105),182.91313752276866,326.4612932604736,360.09615384615387,313.1100508905852,8784,5,16,947.0,13,2736.0
24,Synthetic peripheral sensor 24,SYN_SENSOR_24,2019-01-01,Synthetic demo record,Outdoor,A,North,South,-37.80584475956639,144.9813074279563,POINT (144.9813074279563 -37.80584475956639),159.78153460837888,278.65619307832424,305.0432692307692,268.1819338422392,8784,1,4,295.0,2,442.0
25,Synthetic peripheral sensor 25,SYN_SENSOR_25,2019-01-01,Synthetic demo record,Outdoor,A,North,South,-37.81303666343605,144.96930423404874,POINT (144.96930423404874 -37.81303666343605),182.3721539162113,325.37841530054646,356.7355769230769,312.9312977099237,8784,12,20,1260.0,7,1518.0
26,Synthetic peripheral sensor 26,SYN_SENSOR_26,2019-01-01,Synthetic demo record,Outdoor,A,North,South,-37.82771066314905,144.97644252136172,POINT (144.97644252136172 -37.82771066314905),183.02117486338798,326.7718579234973,357.71634615384613,314.48854961832063,8784,0,0,0.0,0,0.0
27,Synthetic peripheral sensor 27,SYN_SENSOR_27,2019-01-01,Synthetic demo record,Outdoor,A,North,South,-37.83285572441245,144.9736358690173,POINT (144.9736358690173 -37.832855724412454),145.5535063752277,251.43260473588342,276.2019230769231,241.60050890585242,8784,0,0,0.0,0,0.0
28,Synthetic peripheral sensor 28,SYN_SENSOR_28,2019-01-01,Synthetic demo record,Outdoor,A,North,South,-37.79335685590044,144.93424719861113,POINT (144.93424719861113 -37.79335685590044),91.00398451730419,148.46174863387978,162.77243589743588,142.78117048346056,8784,0,0,0.0,0,0.0
