property_number,venue_name,venue_address,space_type,website,latitude,longitude,location,geolocation,venue_id,music_venues_within_radius,cafes_within_radius,cafe_seats_within_radius,bars_within_radius,bar_capacity_within_radius,nearest_sensor_id,nearest_sensor_distance_m,location_id,avg_night_footfall,avg_weekend_night_footfall,avg_weekday_night_footfall,n_hourly_observations,music_density_pct,night_footfall_pct,cafe_capacity_pct,bar_capacity_pct,hospitality_capacity_pct,consumption_context_score,cluster_id
SYN0001,Synthetic Central Venue 1,"1 Demo Street, Melbourne",Bar,https://example.invalid/demo,-37.81253349022086,144.96587190740158,POINT (144.96587190740158 -37.81253349022086),"-37.81253349022086, 144.96587190740158",1,20,28,1931.0,8,1550.0,1,80.96339604954022,1,325.05692167577416,355.4647435897436,312.98664122137404,8784,0.8777777777777778,0.6111111111111112,0.9111111111111111,0.5777777777777777,0.7444444444444445,74.44444444444444,0
SYN0002,Synthetic Central Venue 2,"2 Demo Street, Melbourne",Nightclub,https://example.invalid/demo,-37.81723994437184,144.96818037531725,POINT (144.96818037531725 -37.81723994437184),"-37.81723994437184, 144.96818037531725",2,10,12,645.0,5,741.0,4,136.39393034924683,4,324.591985428051,356.81570512820514,311.80089058524175,8784,0.49444444444444446,0.5740740740740741,0.17777777777777778,0.17777777777777778,0.17777777777777778,42.73148148148148,0
SYN0003,Synthetic Central Venue 3,"3 Demo Street, Melbourne",Performance space,https://example.invalid/demo,-37.81097342081468,144.96258723644056,POINT (144.96258723644056 -37.810973420814676),"-37.810973420814676, 144.96258723644056",3,18,36,2408.0,13,2614.0,5,217.84633846418274,5,327.1325136612022,359.29647435897436,314.3651399491094,8784,0.8277777777777777,0.9506172839506173,1.0,0.9222222222222223,0.9611111111111111,91.07716049382715,0
SYN0004,Synthetic Central Venue 4,"4 Demo Street, Melbourne",Bar,https://example.invalid/demo,-37.81030802349263,144.95931929585367,POINT (144.95931929585367 -37.81030802349263),"-37.81030802349263, 144.95931929585367",4,15,27,1789.0,14,2996.0,23,260.98419169264207,23,326.4612932604736,360.09615384615387,313.1100508905852,8784,0.7111111111111111,0.8888888888888888,0.8444444444444444,1.0,0.9222222222222223,83.66666666666667,0
SYN0005,Synthetic Central Venue 5,"5 Demo Street, Melbourne",Bar,https://example.invalid/demo,-37.82042862316029,144.9593898345294,POINT (144.9593898345294 -37.82042862316029),"-37.82042862316029, 144.9593898345294",5,11,24,1603.0,14,2524.0,19,377.1523865451697,19,249.71766848816029,274.2564102564103,239.9770992366412,8784,0.5611111111111111,0.09876543209876543,0.7444444444444445,0.9,0.8222222222222222,47.76234567901234,0
SYN0006,Synthetic Central Venue 6,"6 Demo Street, Melbourne",Bar,https://example.invalid/demo,-37.81815762827402,144.9660276675452,POINT (144.9660276675452 -37.81815762827402),"-37.81815762827402, 144.9660276675452",6,9,13,716.0,9,1051.0,4,350.07671623045456,4,324.591985428051,356.81570512820514,311.80089058524175,8784,0.4388888888888889,0.5740740740740741,0.23333333333333334,0.35555555555555557,0.29444444444444445,44.28703703703703,0
SYN0007,Synthetic Central Venue 7,"7 Demo Street, Melbourne",Bar,https://example.invalid/demo,-37.81315255858892,144.96644464377042,POINT (144.96644464377042 -37.81315255858892),"-37.81315255858892, 144.96644464377042",7,22,24,1664.0,10,1751.0,6,116.24158277232694,6,325.79918032786884,359.54487179487177,312.4039440203562,8784,0.9388888888888889,0.7962962962962963,0.7888888888888889,0.6333333333333333,0.711111111111111,82.0648148148148,0
SYN0008,Synthetic Central Venue 8,"8 Demo Street, Melbourne",Theatre,https://example.invalid/demo,-37.8147068490732,144.96554419420738,POINT (144.96554419420738 -37.814706849073204),"-37.814706849073204, 144.96554419420738",8,26,22,1318.0,8,1346.0,6,76.37423559077499,6,325.79918032786884,359.54487179487177,312.4039440203562,8784,1.0,0.7962962962962963,0.6111111111111112,0.5,0.5555555555555556,79.53703703703702,0
SYN0009,Synthetic Central Venue 9,"9 Demo Street, Melbourne",Theatre,https://example.invalid/demo,-37.81365880405127,144.9601052063172,POINT (144.9601052063172 -37.813658804051265),"-37.813658804051265, 144.9601052063172",9,21,28,1700.0,14,2872.0,2,110.66918511901943,2,325.6962659380692,356.51762820512823,313.4618320610687,8784,0.9111111111111111,0.6975308641975309,0.8111111111111111,0.9888888888888889,0.9,83.30246913580247,0
SYN0010,Synthetic Central Venue 10,"10 Demo Street, Melbourne",Performance space,https://example.invalid/demo,-37.81658565374651,144.9641447259538,POINT (144.9641447259538 -37.81658565374651),"-37.81658565374651, 144.9641447259538",10,21,17,1081.0,9,1135.0,6,316.1035451420953,6,325.79918032786884,359.54487179487177,312.4039440203562,8784,0.9111111111111111,0.7962962962962963,0.4888888888888889,0.3888888888888889,0.4388888888888889,72.92592592592592,0
SYN0011,Synthetic Central Venue 11,"11 Demo Street, Melbourne",Theatre,https://example.invalid/demo,-37.810522107087984,144.96362508614112,POINT (144.96362508614112 -37.810522107087984),"-37.810522107087984, 144.96362508614112",11,18,34,2259.0,12,2323.0,5,200.85855241236675,5,327.1325136612022,359.29647435897436,314.3651399491094,8784,0.8277777777777777,0.9506172839506173,0.9833333333333333,0.8666666666666667,0.925,89.99382716049382,0
SYN0012,Synthetic Central Venue 12,"12 Demo Street, Melbourne",Nightclub,https://example.invalid/demo,-37.810877728226,144.96408409868528,POINT (144.96408409868528 -37.810877728226),"-37.810877728226, 144.96408409868528",12,18,34,2259.0,11,2036.0,5,149.9108158105195,5,327.1325136612022,359.29647435897436,314.3651399491094,8784,0.8277777777777777,0.9506172839506173,0.9833333333333333,0.7777777777777778,0.8805555555555555,88.66049382716048,0
SYN0013,Synthetic Central Venue 13,"13 Demo Street, Melbourne",Performance space,https://example.invalid/demo,-37.813368892558536,144.96702142950076,POINT (144.96702142950076 -37.813368892558536),"-37.813368892558536, 144.96702142950076",13,20,21,1411.0,8,1353.0,6,134.8624715697549,6,325.79918032786884,359.54487179487177,312.4039440203562,8784,0.8777777777777778,0.7962962962962963,0.6666666666666666,0.5111111111111111,0.5888888888888888,76.25925925925925,0
SYN0014,Synthetic Central Venue 14,"14 Demo Street, Melbourne",Bar,https://example.invalid/demo,-37.80965465577561,144.9641061799695,POINT (144.9641061799695 -37.80965465577561),"-37.80965465577561, 144.9641061799695",14,15,26,1779.0,14,2778.0,1,280.38930891977986,1,325.05692167577416,355.4647435897436,312.98664122137404,8784,0.7111111111111111,0.6111111111111112,0.8333333333333334,0.9777777777777777,0.9055555555555556,73.44444444444444,0
SYN0015,Synthetic Central Venue 15,"15 Demo Street, Melbourne",Bar,https://example.invalid/demo,-37.81196371730212,144.96615511103383,POINT (144.96615511103383 -37.81196371730212),"-37.81196371730212, 144.96615511103383",15,17,26,1910.0,10,1814.0,1,82.17202366250237,1,325.05692167577416,355.4647435897436,312.98664122137404,8784,0.7833333333333333,0.6111111111111112,0.9,0.6777777777777778,0.788888888888889,72.47222222222223,0
SYN0016,Synthetic Central Venue 16,"16 Demo Street, Melbourne",Bar,https://example.invalid/demo,-37.81660752362009,144.96340410581269,POINT (144.96340410581269 -37.81660752362009),"-37.81660752362009, 144.96340410581269",16,21,22,1365.0,9,1260.0,6,351.82474381376585,6,325.79918032786884,359.54487179487177,312.4039440203562,8784,0.9111111111111111,0.7962962962962963,0.6555555555555556,0.43333333333333335,0.5444444444444445,76.0925925925926,0
SYN0017,Synthetic Central Venue 17,"17 Demo Street, Melbourne",Performance space,https://example.invalid/demo,-37.81230937225571,144.9644010372941,POINT (144.9644010372941 -37.81230937225571),"-37.81230937225571, 144.9644010372941",17,23,31,2016.0,9,1842.0,5,19.51628423591211,5,327.1325136612022,359.29647435897436,314.3651399491094,8784,0.9666666666666667,0.9506172839506173,0.9444444444444444,0.7277777777777777,0.836111111111111,92.18827160493825,0
SYN0018,Synthetic Central Venue 18,"18 Demo Street, Melbourne",Nightclub,https://example.invalid/demo,-37.8169560891029,144.96594079701626,POINT (144.96594079701626 -37.8169560891029),"-37.8169560891029, 144.96594079701626",18,14,17,892.0,10,1341.0,6,324.97581333298285,6,325.79918032786884,359.54487179487177,312.4039440203562,8784,0.6722222222222223,0.7962962962962963,0.34444444444444444,0.4888888888888889,0.41666666666666663,63.898148148148145,0
SYN0019,Synthetic Central Venue 19,"19 Demo Street, Melbourne",Bar,https://example.invalid/demo,-37.81052542394543,144.95654279881066,POINT (144.95654279881066 -37.81052542394543),"-37.81052542394543, 144.95654279881066",19,6,17,977.0,12,2664.0,23,127.65430945350539,23,326.4612932604736,360.09615384615387,313.1100508905852,8784,0.3333333333333333,0.8888888888888888,0.4,0.9555555555555556,0.6777777777777778,63.11111111111111,0
SYN0020,Synthetic Central Venue 20,"20 Demo Street, Melbourne",Nightclub,https://example.invalid/demo,-37.81377474068845,144.96166147952638,POINT (144.96166147952638 -37.81377474068845),"-37.81377474068845, 144.96166147952638",20,25,27,1693.0,13,2658.0,2,246.63594999557085,2,325.6962659380692,356.51762820512823,313.4618320610687,8784,0.9888888888888889,0.6975308641975309,0.8,0.9388888888888889,0.8694444444444445,85.10802469135801,0
SYN0021,Synthetic Central Venue 21,"21 Demo Street, Melbourne",Bar,https://example.invalid/demo,-37.81424701827241,144.96098332305567,POINT (144.96098332305567 -37.81424701827241),"-37.81424701827241, 144.96098332305567",21,22,29,1850.0,13,2658.0,2,207.6073500778275,2,325.6962659380692,356.51762820512823,313.4618320610687,8784,0.9388888888888889,0.6975308641975309,0.8777777777777778,0.9388888888888889,0.9083333333333333,84.52469135802468,0
SYN0022,Synthetic Central Venue 22,"22 Demo Street, Melbourne",Performance space,https://example.invalid/demo,-37.81598325340541,144.9602250496829,POINT (144.9602250496829 -37.81598325340541),"-37.81598325340541, 144.9602250496829",22,17,25,1531.0,12,2095.0,2,313.87275549542585,2,325.6962659380692,356.51762820512823,313.4618320610687,8784,0.7833333333333333,0.6975308641975309,0.7,0.7888888888888889,0.7444444444444445,74.16358024691358,0
SYN0023,Synthetic Central Venue 23,"23 Demo Street, Melbourne",Nightclub,https://example.invalid/demo,-37.809321105314645,144.9618618598695,POINT (144.9618618598695 -37.809321105314645),"-37.809321105314645, 144.9618618598695",23,13,30,2026.0,13,2432.0,5,395.3770838906929,5,327.1325136612022,359.29647435897436,314.3651399491094,8784,0.65,0.9506172839506173,0.9555555555555556,0.8888888888888888,0.9222222222222223,83.68827160493825,0
SYN0024,Synthetic Central Venue 24,"24 Demo Street, Melbourne",Bar,https://example.invalid/demo,-37.81414085318724,144.96982723590054,POINT (144.96982723590054 -37.81414085318724),"-37.81414085318724, 144.96982723590054",24,10,16,990.0,8,1392.0,25,131.0947000464028,25,325.37841530054646,356.7355769230769,312.9312977099237,8784,0.49444444444444446,0.6419753086419753,0.4222222222222222,0.5333333333333333,0.47777777777777775,54.108024691358025,0
SYN0025,Synthetic Central Venue 25,"25 Demo Street, Melbourne",Bar,https://example.invalid/demo,-37.81509914737757,144.95920375997937,POINT (144.95920375997937 -37.81509914737757),"-37.81509914737757, 144.95920375997937",25,16,27,1545.0,13,2541.0,2,195.09059196263647,2,325.6962659380692,356.51762820512823,313.4618320610687,8784,0.75,0.6975308641975309,0.7111111111111111,0.9111111111111111,0.8111111111111111,74.99691358024691,0
SYN0026,Synthetic Central Venue 26,"26 Demo Street, Melbourne",Theatre,https://example.invalid/demo,-37.81483246742671,144.96745725259566,POINT (144.96745725259566 -37.81483246742671),"-37.81483246742671, 144.96745725259566",26,15,17,1053.0,7,1012.0,6,174.76629795933613,6,325.79918032786884,359.54487179487177,312.4039440203562,8784,0.7111111111111111,0.7962962962962963,0.45555555555555555,0.3333333333333333,0.39444444444444443,64.5925925925926,0
SYN0027,Synthetic Central Venue 27,"27 Demo Street, Melbourne",Bar,https://example.invalid/demo,-37.81173691785057,144.95552708602773,POINT (144.95552708602773 -37.81173691785057),"-37.81173691785057, 144.95552708602773",27,6,14,837.0,9,2338.0,3,243.37061229568712,3,327.37158469945354,359.7692307692308,314.51145038167937,8784,0.3333333333333333,1.0,0.3,0.8777777777777778,0.5888888888888889,64.33333333333333,0
SYN0028,Synthetic Central Venue 28,"28 Demo Street, Melbourne",Bar,https://example.invalid/demo,-37.81232094577473,144.96159301736506,POINT (144.96159301736506 -37.81232094577473),"-37.81232094577473, 144.96159301736506",28,23,30,1939.0,8,1823.0,5,259.8346719631549,5,327.1325136612022,359.29647435897436,314.3651399491094,8784,0.9666666666666667,0.9506172839506173,0.9222222222222223,0.7,0.8111111111111111,91.43827160493827,0
SYN0029,Synthetic Central Venue 29,"29 Demo Street, Melbourne",Bar,https://example.invalid/demo,-37.81215543585942,144.96383238879298,POINT (144.96383238879298 -37.81215543585942),"-37.81215543585942, 144.96383238879298",29,23,32,2083.0,10,2154.0,5,62.65211210547365,5,327.1325136612022,359.29647435897436,314.3651399491094,8784,0.9666666666666667,0.9506172839506173,0.9666666666666667,0.8277777777777777,0.8972222222222221,94.02160493827158,0
SYN0030,Synthetic Central Venue 30,"30 Demo Street, Melbourne",Hotel,https://example.invalid/demo,-37.81209212648948,144.96573800049111,POINT (144.96573800049111 -37.812092126489475),"-37.812092126489475, 144.96573800049111",30,18,27,2007.0,9,1842.0,1,46.077006094569434,1,325.05692167577416,355.4647435897436,312.98664122137404,8784,0.8277777777777777,0.6111111111111112,0.9333333333333333,0.7277777777777777,0.8305555555555555,75.27777777777777,0
SYN0031,Synthetic Central Venue 31,"31 Demo Street, Melbourne",Hotel,https://example.invalid/demo,-37.80610423339695,144.96630051960906,POINT (144.96630051960906 -37.80610423339695),"-37.80610423339695, 144.96630051960906",31,8,21,1462.0,11,1598.0,10,104.91034920599711,10,281.64162112932604,309.00160256410254,270.7811704834606,8784,0.40555555555555556,0.5308641975308642,0.6777777777777778,0.6,0.6388888888888888,51.941358024691354,0
SYN0032,Synthetic Central Venue 32,"32 Demo Street, Melbourne",Performance space,https://example.invalid/demo,-37.81502245255735,144.9666700625584,POINT (144.9666700625584 -37.81502245255735),"-37.81502245255735, 144.9666700625584",32,17,18,1074.0,6,838.0,6,136.5710008585775,6,325.79918032786884,359.54487179487177,312.4039440203562,8784,0.7833333333333333,0.7962962962962963,0.4777777777777778,0.23333333333333334,0.35555555555555557,65.95370370370371,0
SYN0033,Synthetic Central Venue 33,"33 Demo Street, Melbourne",Bar,https://example.invalid/demo,-37.81539284955175,144.96153073717488,POINT (144.96153073717488 -37.81539284955175),"-37.81539284955175, 144.96153073717488",33,20,27,1568.0,9,1774.0,2,323.0028343584792,2,325.6962659380692,356.51762820512823,313.4618320610687,8784,0.8777777777777778,0.6975308641975309,0.7222222222222222,0.6444444444444445,0.6833333333333333,75.6358024691358,0
SYN0034,Synthetic Central Venue 34,"34 Demo Street, Melbourne",Hotel,https://example.invalid/demo,-37.81644820454887,144.961019416933,POINT (144.961019416933 -37.81644820454887),"-37.81644820454887, 144.961019416933",34,17,25,1635.0,12,2186.0,2,390.4043519745683,2,325.6962659380692,356.51762820512823,313.4618320610687,8784,0.7833333333333333,0.6975308641975309,0.7666666666666667,0.8444444444444444,0.8055555555555556,75.99691358024691,0
SYN0035,Synthetic North Venue 35,"35 Demo Street, Melbourne",Bar,https://example.invalid/demo,-37.80224692389872,144.97308486301048,POINT (144.97308486301048 -37.802246923898714),"-37.802246923898714, 144.97308486301048",35,6,6,416.0,5,877.0,12,301.31743563359225,12,279.35883424408013,308.3189102564103,267.86323155216286,8784,0.3333333333333333,0.30864197530864196,0.07777777777777778,0.26666666666666666,0.17222222222222222,27.6358024691358,1
SYN0036,Synthetic North Venue 36,"36 Demo Street, Melbourne",Theatre,https://example.invalid/demo,-37.79841869551037,144.96115056625555,POINT (144.96115056625555 -37.798418695510364),"-37.798418695510364, 144.96115056625555",36,8,11,852.0,6,1227.0,9,424.22068578569224,9,279.5450819672131,306.57211538461536,268.8167938931298,8784,0.40555555555555556,0.37037037037037035,0.32222222222222224,0.4111111111111111,0.3666666666666667,38.157407407407405,0
SYN0037,Synthetic North Venue 37,"37 Demo Street, Melbourne",Bar,https://example.invalid/demo,-37.80426766188004,144.96362111810262,POINT (144.96362111810262 -37.80426766188004),"-37.80426766188004, 144.96362111810262",37,12,15,1101.0,12,1819.0,10,232.76479778234292,10,281.64162112932604,309.00160256410254,270.7811704834606,8784,0.6166666666666667,0.5308641975308642,0.5222222222222223,0.6888888888888889,0.6055555555555556,58.33024691358024,0
SYN0038,Synthetic North Venue 38,"38 Demo Street, Melbourne",Theatre,https://example.invalid/demo,-37.801719031452535,144.96233040826368,POINT (144.96233040826368 -37.801719031452535),"-37.801719031452535, 144.96233040826368",38,12,12,978.0,10,1710.0,14,260.44922814917516,14,279.58105646630236,304.86538461538464,269.54452926208654,8784,0.6166666666666667,0.4382716049382716,0.4111111111111111,0.6222222222222222,0.5166666666666666,52.422839506172835,0
SYN0039,Synthetic North Venue 39,"39 Demo Street, Melbourne",Bar,https://example.invalid/demo,-37.80432507719219,144.9647458558858,POINT (144.9647458558858 -37.80432507719219),"-37.80432507719219, 144.9647458558858",39,11,18,1256.0,13,2003.0,10,188.69715758950545,10,281.64162112932604,309.00160256410254,270.7811704834606,8784,0.5611111111111111,0.5308641975308642,0.6,0.7666666666666667,0.6833333333333333,58.71913580246913,0
SYN0040,Synthetic North Venue 40,"40 Demo Street, Melbourne",Theatre,https://example.invalid/demo,-37.802186615765656,144.960304912336,POINT (144.960304912336 -37.802186615765656),"-37.802186615765656, 144.960304912336",40,10,10,810.0,8,1229.0,14,430.0769024751666,14,279.58105646630236,304.86538461538464,269.54452926208654,8784,0.49444444444444446,0.4382716049382716,0.26666666666666666,0.4222222222222222,0.34444444444444444,42.9783950617284,0
SYN0041,Synthetic North Venue 41,"41 Demo Street, Melbourne",Performance space,https://example.invalid/demo,-37.7980589215189,144.96935817926067,POINT (144.96935817926067 -37.7980589215189),"-37.7980589215189, 144.96935817926067",41,6,16,1210.0,5,817.0,9,317.19886859649455,9,279.5450819672131,306.57211538461536,268.8167938931298,8784,0.3333333333333333,0.37037037037037035,0.5666666666666667,0.2222222222222222,0.39444444444444443,36.46296296296296,0
SYN0042,Synthetic North Venue 42,"42 Demo Street, Melbourne",Performance space,https://example.invalid/demo,-37.80704562148117,144.96549999786305,POINT (144.96549999786305 -37.80704562148117),"-37.80704562148117, 144.96549999786305",42,10,27,1832.0,13,2154.0,10,121.43624692444271,10,281.64162112932604,309.00160256410254,270.7811704834606,8784,0.49444444444444446,0.5308641975308642,0.8666666666666667,0.8277777777777777,0.8472222222222222,61.30246913580246,0
SYN0043,Synthetic North Venue 43,"43 Demo Street, Melbourne",Bar,https://example.invalid/demo,-37.79947951724759,144.95988137167473,POINT (144.95988137167473 -37.79947951724759),"-37.79947951724759, 144.95988137167473",43,7,6,476.0,5,850.0,9,534.7069044077692,9,,,,8784,0.38333333333333336,0.0,0.08888888888888889,0.24444444444444444,0.16666666666666666,18.416666666666664,0
SYN0044,Synthetic North Venue 44,"44 Demo Street, Melbourne",Hotel,https://example.invalid/demo,-37.80016792539184,144.96192989413456,POINT (144.96192989413456 -37.80016792539184),"-37.80016792539184, 144.96192989413456",44,10,11,838.0,6,968.0,14,373.3619692480459,14,279.58105646630236,304.86538461538464,269.54452926208654,8784,0.49444444444444446,0.4382716049382716,0.3111111111111111,0.3111111111111111,0.3111111111111111,41.9783950617284,0
SYN0045,Synthetic North Venue 45,"45 Demo Street, Melbourne",Bar,https://example.invalid/demo,-37.80307952484494,144.96791081231353,POINT (144.96791081231353 -37.80307952484494),"-37.80307952484494, 144.96791081231353",45,12,17,1177.0,9,1566.0,11,50.44997281441343,11,279.91621129326046,308.82371794871796,268.441475826972,8784,0.6166666666666667,0.47530864197530864,0.5444444444444444,0.5888888888888889,0.5666666666666667,55.21913580246913,0
SYN0046,Synthetic North Venue 46,"46 Demo Street, Melbourne",Bar,https://example.invalid/demo,-37.80606120249036,144.9702715695555,POINT (144.9702715695555 -37.80606120249036),"-37.80606120249036, 144.9702715695555",46,4,21,1358.0,5,770.0,8,188.93044156335299,8,280.8533697632058,309.15384615384613,269.61959287531806,8784,0.17222222222222222,0.49382716049382713,0.6444444444444445,0.18888888888888888,0.4166666666666667,35.81172839506173,0
SYN0047,Synthetic North Venue 47,"47 Demo Street, Melbourne",Theatre,https://example.invalid/demo,-37.800747546723,144.9754852890126,POINT (144.9754852890126 -37.800747546723),"-37.800747546723, 144.9754852890126",47,3,9,667.0,4,910.0,12,130.13748070034427,12,279.35883424408013,308.3189102564103,267.86323155216286,8784,0.10555555555555556,0.30864197530864196,0.2111111111111111,0.2777777777777778,0.24444444444444446,21.830246913580247,1
SYN0048,Synthetic North Venue 48,"48 Demo Street, Melbourne",Bar,https://example.invalid/demo,-37.80285322448172,144.97961238109704,POINT (144.97961238109704 -37.80285322448172),"-37.80285322448172, 144.97961238109704",48,1,3,192.0,4,807.0,24,364.4575235966017,24,278.65619307832424,305.0432692307692,268.1819338422392,8784,0.03888888888888889,0.2839506172839506,0.022222222222222223,0.2111111111111111,0.11666666666666667,14.799382716049381,1
SYN0049,Synthetic North Venue 49,"49 Demo Street, Melbourne",Performance space,https://example.invalid/demo,-37.80018563326026,144.96836484244974,POINT (144.96836484244974 -37.80018563326026),"-37.80018563326026, 144.96836484244974",49,9,20,1466.0,8,1447.0,9,253.88446944744322,9,279.5450819672131,306.57211538461536,268.8167938931298,8784,0.4388888888888889,0.37037037037037035,0.6888888888888889,0.5444444444444444,0.6166666666666667,46.82407407407407,0
SYN0050,Synthetic North Venue 50,"50 Demo Street, Melbourne",Performance space,https://example.invalid/demo,-37.800923517490666,144.96204707845985,POINT (144.96204707845985 -37.800923517490666),"-37.800923517490666, 144.96204707845985",50,11,11,830.0,7,1057.0,14,317.078373732476,14,279.58105646630236,304.86538461538464,269.54452926208654,8784,0.5611111111111111,0.4382716049382716,0.28888888888888886,0.36666666666666664,0.3277777777777777,44.81172839506173,0
SYN0051,Synthetic North Venue 51,"51 Demo Street, Melbourne",Bar,https://example.invalid/demo,-37.79539377388038,144.95690579173672,POINT (144.95690579173672 -37.79539377388038),"-37.79539377388038, 144.95690579173672",51,0,3,223.0,1,335.0,13,717.2569935872642,13,,,,8784,0.011111111111111112,0.0,0.044444444444444446,0.022222222222222223,0.03333333333333333,1.3888888888888888,-1
SYN0052,Synthetic North Venue 52,"52 Demo Street, Melbourne",Hotel,https://example.invalid/demo,-37.80183774469616,144.96770470158054,POINT (144.96770470158054 -37.80183774469616),"-37.80183774469616, 144.96770470158054",52,11,17,1228.0,10,1464.0,11,146.35597215915757,11,279.91621129326046,308.82371794871796,268.441475826972,8784,0.5611111111111111,0.47530864197530864,0.5888888888888889,0.5555555555555556,0.5722222222222222,53.441358024691354,0
SYN0053,Synthetic North Venue 53,"53 Demo Street, Melbourne",Bar,https://example.invalid/demo,-37.80458224122418,144.9628417650711,POINT (144.9628417650711 -37.80458224122418),"-37.80458224122418, 144.9628417650711",53,11,14,1004.0,12,1798.0,10,254.16733025497052,10,281.64162112932604,309.00160256410254,270.7811704834606,8784,0.5611111111111111,0.5308641975308642,0.43333333333333335,0.6555555555555556,0.5444444444444445,54.552469135802475,0
SYN0054,Synthetic North Venue 54,"54 Demo Street, Melbourne",Nightclub,https://example.invalid/demo,-37.80037253527765,144.96463089232918,POINT (144.96463089232918 -37.80037253527765),"-37.80037253527765, 144.96463089232918",54,16,15,1037.0,9,1290.0,9,194.64300970751688,9,279.5450819672131,306.57211538461536,268.8167938931298,8784,0.75,0.37037037037037035,0.4444444444444444,0.45,0.4472222222222222,52.629629629629626,0
SYN0055,Synthetic North Venue 55,"55 Demo Street, Melbourne",Bar,https://example.invalid/demo,-37.8002300116061,144.96374556440423,POINT (144.96374556440423 -37.800230011606104),"-37.800230011606104, 144.96374556440423",55,15,13,894.0,9,1290.0,9,238.6645515054907,9,279.5450819672131,306.57211538461536,268.8167938931298,8784,0.7111111111111111,0.37037037037037035,0.35555555555555557,0.45,0.4027777777777778,49.93518518518518,0
SYN0056,Synthetic North Venue 56,"56 Demo Street, Melbourne",Hotel,https://example.invalid/demo,-37.79624284348666,144.96586644101112,POINT (144.96586644101112 -37.79624284348666),"-37.79624284348666, 144.96586644101112",56,6,11,760.0,6,1007.0,9,301.64355710664927,9,279.5450819672131,306.57211538461536,268.8167938931298,8784,0.3333333333333333,0.37037037037037035,0.24444444444444444,0.32222222222222224,0.2833333333333333,33.12962962962963,0
SYN0057,Synthetic North Venue 57,"57 Demo Street, Melbourne",Bar,https://example.invalid/demo,-37.7980771106393,144.97129691103854,POINT (144.97129691103854 -37.7980771106393),"-37.7980771106393, 144.97129691103854",57,5,16,1226.0,4,785.0,12,348.0656308644057,12,279.35883424408013,308.3189102564103,267.86323155216286,8784,0.25555555555555554,0.30864197530864196,0.5777777777777777,0.2,0.38888888888888884,31.413580246913575,0
SYN0058,Synthetic North Venue 58,"58 Demo Street, Melbourne",Bar,https://example.invalid/demo,-37.79975095129298,144.9672067185535,POINT (144.9672067185535 -37.79975095129298),"-37.79975095129298, 144.9672067185535",58,11,19,1353.0,8,1325.0,9,142.8228903208345,9,279.5450819672131,306.57211538461536,268.8167938931298,8784,0.5611111111111111,0.37037037037037035,0.6333333333333333,0.4777777777777778,0.5555555555555556,49.26851851851851,0
SYN0059,Synthetic Southwest Venue 59,"59 Demo Street, Melbourne",Performance space,https://example.invalid/demo,-37.82678962017318,144.95469216354022,POINT (144.95469216354022 -37.82678962017318),"-37.82678962017318, 144.95469216354022",59,4,12,1098.0,4,684.0,18,411.5035957077821,18,249.76001821493625,274.0544871794872,240.11641221374046,8784,0.17222222222222222,0.15432098765432098,0.5111111111111111,0.1388888888888889,0.32499999999999996,21.17901234567901,0
SYN0060,Synthetic Southwest Venue 60,"60 Demo Street, Melbourne",Performance space,https://example.invalid/demo,-37.82697278151012,144.95377565705488,POINT (144.95377565705488 -37.826972781510115),"-37.826972781510115, 144.95377565705488",60,4,10,918.0,3,644.0,18,381.74223639761976,18,249.76001821493625,274.0544871794872,240.11641221374046,8784,0.17222222222222222,0.15432098765432098,0.36666666666666664,0.11666666666666667,0.24166666666666664,18.67901234567901,0
SYN0061,Synthetic Southwest Venue 61,"61 Demo Street, Melbourne",Performance space,https://example.invalid/demo,-37.82189594228797,144.9620764993151,POINT (144.9620764993151 -37.82189594228797),"-37.82189594228797, 144.9620764993151",61,4,15,963.0,12,1922.0,15,257.69410425371956,15,326.04189435336974,357.4727564102564,313.56552162849874,8784,0.17222222222222222,0.8580246913580247,0.38333333333333336,0.7444444444444445,0.5638888888888889,52.9753086419753,0
SYN0062,Synthetic Southwest Venue 62,"62 Demo Street, Melbourne",Bar,https://example.invalid/demo,-37.81697318060256,144.9505182944308,POINT (144.9505182944308 -37.81697318060256),"-37.81697318060256, 144.9505182944308",62,4,8,557.0,6,1088.0,21,464.9839259019148,21,221.94262295081967,243.39583333333334,213.426844783715,8784,0.17222222222222222,0.030864197530864196,0.13333333333333333,0.37777777777777777,0.25555555555555554,14.774691358024688,0
SYN0063,Synthetic Southwest Venue 63,"63 Demo Street, Melbourne",Bar,https://example.invalid/demo,-37.82194002935249,144.9514737284147,POINT (144.9514737284147 -37.82194002935249),"-37.82194002935249, 144.9514737284147",63,4,14,1196.0,2,457.0,19,339.65700718342276,19,249.71766848816029,274.2564102564103,239.9770992366412,8784,0.17222222222222222,0.09876543209876543,0.5555555555555556,0.06666666666666667,0.3111111111111111,18.817901234567902,0
SYN0064,Synthetic Southwest Venue 64,"64 Demo Street, Melbourne",Hotel,https://example.invalid/demo,-37.82291523414138,144.9583949705761,POINT (144.9583949705761 -37.822915234141384),"-37.822915234141384, 144.9583949705761",64,6,23,1794.0,9,1381.0,17,214.8411429444137,17,249.85154826958106,271.8173076923077,241.1323155216285,8784,0.3333333333333333,0.19135802469135801,0.8555555555555555,0.5222222222222223,0.6888888888888889,39.03086419753086,0
SYN0065,Synthetic Southwest Venue 65,"65 Demo Street, Melbourne",Bar,https://example.invalid/demo,-37.82149960851139,144.95372427694713,POINT (144.95372427694713 -37.82149960851139),"-37.82149960851139, 144.95372427694713",65,6,20,1662.0,4,915.0,19,136.9676501552024,19,249.71766848816029,274.2564102564103,239.9770992366412,8784,0.3333333333333333,0.09876543209876543,0.7777777777777778,0.28888888888888886,0.5333333333333333,31.123456790123456,0
SYN0066,Synthetic Southwest Venue 66,"66 Demo Street, Melbourne",Bar,https://example.invalid/demo,-37.817928993904026,144.95547695159976,POINT (144.95547695159976 -37.817928993904026),"-37.817928993904026, 144.95547695159976",66,12,16,1064.0,9,1830.0,20,161.41986605824948,20,250.38706739526413,276.1105769230769,240.1762086513995,8784,0.6166666666666667,0.22839506172839505,0.4666666666666667,0.7111111111111111,0.5888888888888889,47.24382716049382,0
SYN0067,Synthetic Southwest Venue 67,"67 Demo Street, Melbourne",Nightclub,https://example.invalid/demo,-37.82173216124522,144.95476450695665,POINT (144.95476450695665 -37.82173216124522),"-37.82173216124522, 144.95476450695665",67,7,20,1625.0,5,720.0,19,86.1606870287772,19,249.71766848816029,274.2564102564103,239.9770992366412,8784,0.38333333333333336,0.09876543209876543,0.7555555555555555,0.16666666666666666,0.4611111111111111,30.706790123456784,0
SYN0068,Synthetic Southwest Venue 68,"68 Demo Street, Melbourne",Theatre,https://example.invalid/demo,-37.82393824530792,144.9570190854696,POINT (144.9570190854696 -37.823938245307914),"-37.823938245307914, 144.9570190854696",68,9,23,1882.0,7,1137.0,17,285.0765494414789,17,249.85154826958106,271.8173076923077,241.1323155216285,8784,0.4388888888888889,0.19135802469135801,0.8888888888888888,0.4,0.6444444444444444,41.39197530864197,0
SYN0069,Synthetic Southwest Venue 69,"69 Demo Street, Melbourne",Hotel,https://example.invalid/demo,-37.81862798951479,144.9618336683759,POINT (144.9618336683759 -37.81862798951479),"-37.81862798951479, 144.9618336683759",69,14,17,963.0,14,2131.0,15,441.01150682267587,15,326.04189435336974,357.4727564102564,313.56552162849874,8784,0.6722222222222223,0.8580246913580247,0.38333333333333336,0.8,0.5916666666666667,71.30864197530865,0
SYN0070,Synthetic Southwest Venue 70,"70 Demo Street, Melbourne",Bar,https://example.invalid/demo,-37.820999352465385,144.95590763208105,POINT (144.95590763208105 -37.820999352465385),"-37.820999352465385, 144.95590763208105",70,9,23,1760.0,7,1303.0,19,65.48817057479472,19,249.71766848816029,274.2564102564103,239.9770992366412,8784,0.4388888888888889,0.09876543209876543,0.8222222222222222,0.4666666666666667,0.6444444444444444,38.15123456790123,0
SYN0071,Synthetic Southwest Venue 71,"71 Demo Street, Melbourne",Hotel,https://example.invalid/demo,-37.81712485402801,144.95839772456975,POINT (144.95839772456975 -37.81712485402801),"-37.81712485402801, 144.95839772456975",71,15,21,1345.0,11,1962.0,20,169.8017856535588,20,250.38706739526413,276.1105769230769,240.1762086513995,8784,0.7111111111111111,0.22839506172839505,0.6222222222222222,0.7555555555555555,0.6888888888888889,53.54938271604939,0
SYN0072,Synthetic Southwest Venue 72,"72 Demo Street, Melbourne",Bar,https://example.invalid/demo,-37.82185867946972,144.94627422554535,POINT (144.94627422554535 -37.82185867946972),"-37.82185867946972, 144.94627422554535",72,2,6,387.0,3,493.0,16,103.47542276028301,16,251.28688524590163,276.22435897435895,241.38804071246818,8784,0.07222222222222222,0.2654320987654321,0.06666666666666667,0.07777777777777778,0.07222222222222222,13.984567901234568,-1
SYN0073,Synthetic Southwest Venue 73,"73 Demo Street, Melbourne",Theatre,https://example.invalid/demo,-37.82678564161102,144.9552807671913,POINT (144.9552807671913 -37.82678564161102),"-37.82678564161102, 144.9552807671913",73,4,13,1168.0,4,684.0,18,425.95245866327474,18,249.76001821493625,274.0544871794872,240.11641221374046,8784,0.17222222222222222,0.15432098765432098,0.5333333333333333,0.1388888888888889,0.33611111111111114,21.512345679012345,0
SYN0074,Synthetic Southwest Venue 74,"74 Demo Street, Melbourne",Theatre,https://example.invalid/demo,-37.82728855719736,144.9517054637837,POINT (144.9517054637837 -37.827288557197356),"-37.827288557197356, 144.9517054637837",74,3,8,628.0,3,644.0,18,388.04471847140246,18,249.76001821493625,274.0544871794872,240.11641221374046,8784,0.10555555555555556,0.15432098765432098,0.14444444444444443,0.11666666666666667,0.13055555555555554,13.012345679012343,0
SYN0075,Synthetic Southwest Venue 75,"75 Demo Street, Melbourne",Bar,https://example.invalid/demo,-37.81672175223719,144.9500153412281,POINT (144.9500153412281 -37.816721752237186),"-37.816721752237186, 144.9500153412281",75,5,8,495.0,5,941.0,21,469.40047204570413,21,221.94262295081967,243.39583333333334,213.426844783715,8784,0.25555555555555554,0.030864197530864196,0.1,0.3,0.2,16.02469135802469,0
SYN0076,Synthetic Southwest Venue 76,"76 Demo Street, Melbourne",Bar,https://example.invalid/demo,-37.81646716997726,144.95154831434883,POINT (144.95154831434883 -37.81646716997726),"-37.81646716997726, 144.95154831434883",76,5,5,266.0,7,1500.0,21,370.34273412113447,21,221.94262295081967,243.39583333333334,213.426844783715,8784,0.25555555555555554,0.030864197530864196,0.05555555555555555,0.5666666666666667,0.3111111111111111,19.358024691358022,0
SYN0077,Synthetic Docklands Venue 77,"77 Demo Street, Melbourne",Bar,https://example.invalid/demo,-37.81120120084452,144.94461752257686,POINT (144.94461752257686 -37.811201200844515),"-37.811201200844515, 144.94461752257686",77,5,10,704.0,7,1042.0,22,702.2295870681329,22,,,,8784,0.25555555555555554,0.0,0.2222222222222222,0.34444444444444444,0.2833333333333333,17.444444444444443,2
SYN0078,Synthetic Docklands Venue 78,"78 Demo Street, Melbourne",Bar,https://example.invalid/demo,-37.80318884086863,144.94305412649825,POINT (144.94305412649825 -37.80318884086863),"-37.80318884086863, 144.94305412649825",78,1,3,182.0,0,0.0,22,648.6147057110388,22,,,,8784,0.03888888888888889,0.0,0.011111111111111112,0.011111111111111112,0.011111111111111112,1.6944444444444442,-1
SYN0079,Synthetic Docklands Venue 79,"79 Demo Street, Melbourne",Hotel,https://example.invalid/demo,-37.80543104386051,144.94657581850586,POINT (144.94657581850586 -37.80543104386051),"-37.80543104386051, 144.94657581850586",79,1,8,503.0,4,876.0,22,261.9240702384752,22,222.5842440801457,244.82371794871796,213.7563613231552,8784,0.03888888888888889,0.06172839506172839,0.1111111111111111,0.25555555555555554,0.18333333333333332,9.021604938271604,-1
SYN0080,Synthetic Docklands Venue 80,"80 Demo Street, Melbourne",Bar,https://example.invalid/demo,-37.81498635172695,144.9390902222389,POINT (144.9390902222389 -37.81498635172695),"-37.81498635172695, 144.9390902222389",80,3,7,536.0,4,541.0,16,981.3422277796526,16,,,,8784,0.10555555555555556,0.0,0.12222222222222222,0.1,0.1111111111111111,7.027777777777777,2
SYN0081,Synthetic Docklands Venue 81,"81 Demo Street, Melbourne",Bar,https://example.invalid/demo,-37.81300584176542,144.94039829639576,POINT (144.94039829639576 -37.81300584176542),"-37.81300584176542, 144.94039829639576",81,5,8,632.0,5,698.0,16,1080.0649119533612,16,,,,8784,0.25555555555555554,0.0,0.15555555555555556,0.15555555555555556,0.15555555555555556,13.61111111111111,2
SYN0082,Synthetic Docklands Venue 82,"82 Demo Street, Melbourne",Bar,https://example.invalid/demo,-37.81712204700643,144.95658161200413,POINT (144.95658161200413 -37.81712204700643),"-37.81712204700643, 144.95658161200413",82,13,18,1089.0,10,2142.0,20,42.960999819996786,20,250.38706739526413,276.1105769230769,240.1762086513995,8784,0.65,0.22839506172839505,0.5,0.8111111111111111,0.6555555555555556,50.410493827160494,0
SYN0083,Synthetic Docklands Venue 83,"83 Demo Street, Melbourne",Bar,https://example.invalid/demo,-37.81406747454887,144.94120659838427,POINT (144.94120659838427 -37.81406747454887),"-37.81406747454887, 144.94120659838427",83,5,8,641.0,3,422.0,16,942.3849334033982,16,,,,8784,0.25555555555555554,0.0,0.16666666666666666,0.03888888888888889,0.10277777777777777,12.027777777777777,2
SYN0084,Synthetic Docklands Venue 84,"84 Demo Street, Melbourne",Bar,https://example.invalid/demo,-37.81089538248743,144.94206446489696,POINT (144.94206446489696 -37.81089538248743),"-37.81089538248743, 144.94206446489696",84,4,9,646.0,3,438.0,22,833.9345413239514,22,,,,8784,0.17222222222222222,0.0,0.18888888888888888,0.05555555555555555,0.12222222222222222,9.694444444444445,2
SYN0085,Synthetic Docklands Venue 85,"85 Demo Street, Melbourne",Bar,https://example.invalid/demo,-37.80777951232689,144.95526611087746,POINT (144.95526611087746 -37.80777951232689),"-37.80777951232689, 144.95526611087746",85,3,12,868.0,8,1810.0,23,212.49794159624648,23,326.4612932604736,360.09615384615387,313.1100508905852,8784,0.10555555555555556,0.8888888888888888,0.3333333333333333,0.6666666666666666,0.5,49.80555555555555,0
SYN0086,Synthetic Docklands Venue 86,"86 Demo Street, Melbourne",Bar,https://example.invalid/demo,-37.8145517934321,144.96007280226158,POINT (144.96007280226158 -37.8145517934321),"-37.8145517934321, 144.96007280226158",86,19,27,1578.0,14,2734.0,2,167.61516156793343,2,325.6962659380692,356.51762820512823,313.4618320610687,8784,0.8555555555555555,0.6975308641975309,0.7333333333333333,0.9666666666666667,0.85,79.85802469135803,0
SYN0087,Synthetic Docklands Venue 87,"87 Demo Street, Melbourne",Bar,https://example.invalid/demo,-37.81428951254024,144.94172795017028,POINT (144.94172795017028 -37.814289512540235),"-37.814289512540235, 144.94172795017028",87,5,8,655.0,3,422.0,16,897.042386705659,16,,,,8784,0.25555555555555554,0.0,0.2,0.03888888888888889,0.11944444444444445,12.527777777777777,2
SYN0088,Synthetic Docklands Venue 88,"88 Demo Street, Melbourne",Theatre,https://example.invalid/demo,-37.81951551160408,144.94534287969446,POINT (144.94534287969446 -37.81951551160408),"-37.81951551160408, 144.94534287969446",88,1,3,222.0,4,521.0,16,237.9353082038158,16,251.28688524590163,276.22435897435895,241.38804071246818,8784,0.03888888888888889,0.2654320987654321,0.03333333333333333,0.08888888888888889,0.061111111111111116,12.48456790123457,-1
SYN0089,Synthetic Docklands Venue 89,"89 Demo Street, Melbourne",Performance space,https://example.invalid/demo,-37.81256933072191,144.94853699997924,POINT (144.94853699997924 -37.81256933072191),"-37.81256933072191, 144.94853699997924",89,2,11,817.0,7,1660.0,21,446.1521506455233,21,221.94262295081967,243.39583333333334,213.426844783715,8784,0.07222222222222222,0.030864197530864196,0.2777777777777778,0.6111111111111112,0.4444444444444445,16.941358024691358,2
SYN0090,Synthetic Docklands Venue 90,"90 Demo Street, Melbourne",Bar,https://example.invalid/demo,-37.81571845044151,144.95477913939982,POINT (144.95477913939982 -37.81571845044151),"-37.81571845044151, 144.95477913939982",90,10,14,777.0,10,2209.0,20,190.90848948507357,20,250.38706739526413,276.1105769230769,240.1762086513995,8784,0.49444444444444446,0.22839506172839505,0.25555555555555554,0.8555555555555555,0.5555555555555556,41.966049382716044,0
