experiment,level,mean_rho,median_rho,sd_rho,q10_rho,q90_rho,n
confounding,0.0,-0.022983876846747207,-0.004960970705149218,0.170404306862787,-0.31824985620022794,0.14051922853106902,30
confounding,0.2,0.5804166045009886,0.5836729320166245,0.10088975165653831,0.46429932928486123,0.7318846245039567,30
confounding,0.4,0.7427982614238059,0.750037296462829,0.10237905502815213,0.5732670438036017,0.8452635276728974,30
confounding,0.6,0.8450742908500946,0.86057075049942,0.05288613926148542,0.7700864646421011,0.8950002071133234,30
coordinate_noise,0.0,0.8809294914805623,0.884844453088931,0.04571590625384875,0.8380290428928387,0.9202805214736656,30
coordinate_noise,50.0,0.8674420357130127,0.8805152021995042,0.04832335578534552,0.8023792279441192,0.9122482051523259,30
coordinate_noise,100.0,0.8573813136868933,0.8542248935673358,0.0456382451296191,0.7996085674908422,0.922948701200474,30
coordinate_noise,200.0,0.7968416405873257,0.8071395058777051,0.061101566406309926,0.7143349661694791,0.8536616017924433,30
coverage,0.4,0.8519695877482291,0.8948540173184907,0.12041939760547446,0.7192555054411844,0.9418459326669739,30
coverage,0.6,0.8875219751073071,0.8889101404667723,0.05980547447863775,0.8229593810979674,0.955289515212584,30
coverage,0.8,0.8886270475962489,0.8854853911140903,0.03537763627532739,0.8506208203333137,0.930629001686713,30
coverage,1.0,0.8853569818867826,0.8849823632613278,0.04666680580361194,0.8236193863610269,0.9332483553668338,30
effect_size,0.0,0.6226346257399215,0.6402448391700668,0.10486414808365624,0.46826171225117436,0.751882802590305,30
effect_size,0.1,0.7599367466225142,0.7619910926218116,0.06852209750196193,0.6680565470146114,0.8408770499038625,30
effect_size,0.3,0.8768492215512013,0.880315802694634,0.03388524626249515,0.8276933726532772,0.920351152606958,30
effect_size,0.5,0.9188175908684448,0.9255856067871615,0.02619578196538926,0.8824769473147629,0.940821316449549,30
radius,250.0,0.8053931334625887,0.8254869486224727,0.06897101481358675,0.7040033990411207,0.8763607247439705,30
radius,350.0,0.8604661765376502,0.8687385936431561,0.039737257155104094,0.8012023806590541,0.9005334642497127,30
radius,500.0,0.8845803254608967,0.8895407972955414,0.03972362142860709,0.8436526028988564,0.9353348686393089,30
radius,700.0,0.8752386422321038,0.8798326148940245,0.03961893138553113,0.835721340838226,0.9171456185702616,30
radius,1000.0,0.8736431564336756,0.883222620748552,0.06180311198860088,0.8085086552479649,0.939559335807053,30
