experiment,level,replicate,rho,n_sensors,radius_m,coord_noise_m,sensor_keep,true_effect
coverage,1.0,0,0.8793128054229387,32,500,0.0,1.0,
coverage,1.0,1,0.8549253186233783,32,500,0.0,1.0,
coverage,1.0,2,0.8268660003058544,32,500,0.0,1.0,
coverage,1.0,3,0.883110065791612,32,500,0.0,1.0,
coverage,1.0,4,0.7942036522771794,32,500,0.0,1.0,
coverage,1.0,5,0.9266252647882762,32,500,0.0,1.0,
coverage,1.0,6,0.8795641701459891,32,500,0.0,1.0,
coverage,1.0,7,0.8867288689285212,32,500,0.0,1.0,
coverage,1.0,8,0.9068053927653713,32,500,0.0,1.0,
coverage,1.0,9,0.8859551277601352,32,500,0.0,1.0,
coverage,1.0,10,0.877533310428179,32,500,0.0,1.0,
coverage,1.0,11,0.911889026321758,32,500,0.0,1.0,
coverage,1.0,12,0.9652719109502399,32,500,0.0,1.0,
coverage,1.0,13,0.932509495463087,32,500,0.0,1.0,
coverage,1.0,14,0.9202846658648985,32,500,0.0,1.0,
coverage,1.0,15,0.8745733502900861,32,500,0.0,1.0,
coverage,1.0,16,0.8143341542674568,32,500,0.0,1.0,
coverage,1.0,17,0.9226547677318812,32,500,0.0,1.0,
coverage,1.0,18,0.8537105066799758,32,500,0.0,1.0,
coverage,1.0,19,0.8777508306967288,32,500,0.0,1.0,
coverage,1.0,20,0.939898094500555,32,500,0.0,1.0,
coverage,1.0,21,0.9709945327017581,32,500,0.0,1.0,
coverage,1.0,22,0.8840095987625205,32,500,0.0,1.0,
coverage,1.0,23,0.9102907055608273,32,500,0.0,1.0,
coverage,1.0,24,0.7717421697882796,32,500,0.0,1.0,
coverage,1.0,25,0.9029764699620165,32,500,0.0,1.0,
coverage,1.0,26,0.8246510788158681,32,500,0.0,1.0,
coverage,1.0,27,0.9184008434497196,32,500,0.0,1.0,
coverage,1.0,28,0.8581510482476671,32,500,0.0,1.0,
coverage,1.0,29,0.9049862293107164,32,500,0.0,1.0,
coverage,0.8,0,0.9052288008004472,26,500,0.0,0.8,
coverage,0.8,1,0.8833671190872201,26,500,0.0,0.8,
coverage,0.8,2,0.8806551822627876,26,500,0.0,0.8,
coverage,0.8,3,0.9218669431648755,26,500,0.0,0.8,
coverage,0.8,4,0.922424579288846,26,500,0.0,0.8,
coverage,0.8,5,0.919203083173749,26,500,0.0,0.8,
coverage,0.8,6,0.8763138015773627,26,500,0.0,0.8,
coverage,0.8,7,0.9323757001983326,26,500,0.0,0.8,
coverage,0.8,8,0.8782212912090422,26,500,0.0,0.8,
coverage,0.8,9,0.872289189611489,26,500,0.0,0.8,
coverage,0.8,10,0.9145993214039783,26,500,0.0,0.8,
coverage,0.8,11,0.8543322359726518,26,500,0.0,0.8,
coverage,0.8,12,0.8656062321341847,26,500,0.0,0.8,
coverage,0.8,13,0.9231067030438795,26,500,0.0,0.8,
coverage,0.8,14,0.8516095753778443,26,500,0.0,0.8,
coverage,0.8,15,0.853572829195272,26,500,0.0,0.8,
coverage,0.8,16,0.7881680937758251,26,500,0.0,0.8,
coverage,0.8,17,0.9059156208314035,26,500,0.0,0.8,
coverage,0.8,18,0.9348467023363849,26,500,0.0,0.8,
coverage,0.8,19,0.8805617235118324,26,500,0.0,0.8,
coverage,0.8,20,0.9323581920232226,26,500,0.0,0.8,
coverage,0.8,21,0.8330107614075394,26,500,0.0,0.8,
coverage,0.8,22,0.8417220249325371,26,500,0.0,0.8,
coverage,0.8,23,0.9304114524496045,26,500,0.0,0.8,
coverage,0.8,24,0.8952481787847713,26,500,0.0,0.8,
coverage,0.8,25,0.8659634025223002,26,500,0.0,0.8,
coverage,0.8,26,0.9008742075731963,26,500,0.0,0.8,
coverage,0.8,27,0.8769179476688269,26,500,0.0,0.8,
coverage,0.8,28,0.9304368694271009,26,500,0.0,0.8,
coverage,0.8,29,0.8876036631409604,26,500,0.0,0.8,
coverage,0.6,0,0.9231452895909517,19,500,0.0,0.6,
coverage,0.6,1,0.9629764421934136,19,500,0.0,0.6,
coverage,0.6,2,0.9547658703952089,19,500,0.0,0.6,
coverage,0.6,3,0.8471950769084217,19,500,0.0,0.6,
coverage,0.6,4,0.96000231856896,19,500,0.0,0.6,
coverage,0.6,5,0.7956625838685775,19,500,0.0,0.6,
coverage,0.6,6,0.9242253143860677,19,500,0.0,0.6,
coverage,0.6,7,0.9541942808797991,19,500,0.0,0.6,
coverage,0.6,8,0.9098923074348659,19,500,0.0,0.6,
coverage,0.6,9,0.87249491205364,19,500,0.0,0.6,
coverage,0.6,10,0.9341665671518853,19,500,0.0,0.6,
coverage,0.6,11,0.8832312447079076,19,500,0.0,0.6,
coverage,0.6,12,0.8813527284196668,19,500,0.0,0.6,
coverage,0.6,13,0.8532526358228675,19,500,0.0,0.6,
coverage,0.6,14,0.9832927807096352,19,500,0.0,0.6,
coverage,0.6,15,0.8579011205835271,19,500,0.0,0.6,
coverage,0.6,16,0.8750743772343055,19,500,0.0,0.6,
coverage,0.6,17,0.8259923585678997,19,500,0.0,0.6,
coverage,0.6,18,0.894589036225637,19,500,0.0,0.6,
coverage,0.6,19,0.9532761300467767,19,500,0.0,0.6,
coverage,0.6,20,0.8704443215838564,19,500,0.0,0.6,
coverage,0.6,21,0.831093204970965,19,500,0.0,0.6,
coverage,0.6,22,0.7449776651623378,19,500,0.0,0.6,
coverage,0.6,23,0.8994027349773399,19,500,0.0,0.6,
coverage,0.6,24,0.9209914989458938,19,500,0.0,0.6,
coverage,0.6,25,0.937818683932793,19,500,0.0,0.6,
coverage,0.6,26,0.856775163047411,19,500,0.0,0.6,
coverage,0.6,27,0.7517855584398745,19,500,0.0,0.6,
coverage,0.6,28,0.8542616157595283,19,500,0.0,0.6,
coverage,0.6,29,0.9114254306492006,19,500,0.0,0.6,
coverage,0.4,0,0.917358852843208,13,500,0.0,0.4,
coverage,0.4,1,0.9280098841827562,13,500,0.0,0.4,
coverage,0.4,2,0.919309222636411,13,500,0.0,0.4,
coverage,0.4,3,0.7934075273751217,13,500,0.0,0.4,
coverage,0.4,4,0.8971426643030491,13,500,0.0,0.4,
coverage,0.4,5,0.4161083771681879,13,500,0.0,0.4,
coverage,0.4,6,0.7894931950482856,13,500,0.0,0.4,
coverage,0.4,7,0.9792765297180447,13,500,0.0,0.4,
coverage,0.4,8,0.9116161231812193,13,500,0.0,0.4,
coverage,0.4,9,0.8255132701088399,13,500,0.0,0.4,
coverage,0.4,10,0.856752562264978,13,500,0.0,0.4,
coverage,0.4,11,0.971042796121356,13,500,0.0,0.4,
coverage,0.4,12,0.9146040214532883,13,500,0.0,0.4,
coverage,0.4,13,0.9337159079856124,13,500,0.0,0.4,
coverage,0.4,14,0.9360239357752548,13,500,0.0,0.4,
coverage,0.4,15,0.9237605973133771,13,500,0.0,0.4,
coverage,0.4,16,0.9118491900633687,13,500,0.0,0.4,
coverage,0.4,17,0.8326616820483939,13,500,0.0,0.4,
coverage,0.4,18,0.850841714969138,13,500,0.0,0.4,
coverage,0.4,19,0.8901098901098902,13,500,0.0,0.4,
coverage,0.4,20,0.7588061803997657,13,500,0.0,0.4,
coverage,0.4,21,0.6060629057822995,13,500,0.0,0.4,
coverage,0.4,22,0.8313391241144492,13,500,0.0,0.4,
coverage,0.4,23,0.7230166560349236,13,500,0.0,0.4,
coverage,0.4,24,0.8925653703339321,13,500,0.0,0.4,
coverage,0.4,25,0.9363204204590196,13,500,0.0,0.4,
coverage,0.4,26,0.9393975039625642,13,500,0.0,0.4,
coverage,0.4,27,0.6854051500975316,13,500,0.0,0.4,
coverage,0.4,28,0.8236945855859434,13,500,0.0,0.4,
coverage,0.4,29,0.9638817910066612,13,500,0.0,0.4,
radius,250.0,0,0.7434150882366554,32,250,0.0,1.0,
radius,250.0,1,0.8605279612982163,32,250,0.0,1.0,
radius,250.0,2,0.7804780036672871,32,250,0.0,1.0,
radius,250.0,3,0.772897806401408,32,250,0.0,1.0,
radius,250.0,4,0.8655922402569373,32,250,0.0,1.0,
radius,250.0,5,0.646741740799703,32,250,0.0,1.0,
radius,250.0,6,0.8294428962118051,32,250,0.0,1.0,
radius,250.0,7,0.7620907835586883,32,250,0.0,1.0,
radius,250.0,8,0.8117513369791065,32,250,0.0,1.0,
radius,250.0,9,0.7049160329794834,32,250,0.0,1.0,
radius,250.0,10,0.7524071972028853,32,250,0.0,1.0,
radius,250.0,11,0.7380836953845753,32,250,0.0,1.0,
radius,250.0,12,0.8882068033794784,32,250,0.0,1.0,
radius,250.0,13,0.837369921629207,32,250,0.0,1.0,
radius,250.0,14,0.8099324426421385,32,250,0.0,1.0,
radius,250.0,15,0.8702327573981508,32,250,0.0,1.0,
radius,250.0,16,0.8706049663326955,32,250,0.0,1.0,
radius,250.0,17,0.9009763591087234,32,250,0.0,1.0,
radius,250.0,18,0.8729869159645992,32,250,0.0,1.0,
radius,250.0,19,0.8462411040003879,32,250,0.0,1.0,
radius,250.0,20,0.6945239743223035,32,250,0.0,1.0,
radius,250.0,21,0.8241270030728477,32,250,0.0,1.0,
radius,250.0,22,0.8448503593104179,32,250,0.0,1.0,
radius,250.0,23,0.7999635194344864,32,250,0.0,1.0,
radius,250.0,24,0.705758030099322,32,250,0.0,1.0,
radius,250.0,25,0.8515643635877698,32,250,0.0,1.0,
radius,250.0,26,0.8268468941720979,32,250,0.0,1.0,
radius,250.0,27,0.8762666418236599,32,250,0.0,1.0,
radius,250.0,28,0.6957896935958572,32,250,0.0,1.0,
radius,250.0,29,0.8772074710267669,32,250,0.0,1.0,
radius,350.0,0,0.9003237732580337,32,350,0.0,1.0,
radius,350.0,1,0.8121533066515552,32,350,0.0,1.0,
radius,350.0,2,0.8749328636761805,32,350,0.0,1.0,
radius,350.0,3,0.8961271812993735,32,350,0.0,1.0,
radius,350.0,4,0.8608063426621858,32,350,0.0,1.0,
radius,350.0,5,0.8426556615106339,32,350,0.0,1.0,
radius,350.0,6,0.8118006305662191,32,350,0.0,1.0,
radius,350.0,7,0.7990552499149395,32,350,0.0,1.0,
radius,350.0,8,0.8763192826967354,32,350,0.0,1.0,
radius,350.0,9,0.7868100104978564,32,350,0.0,1.0,
radius,350.0,10,0.8014409507417335,32,350,0.0,1.0,
radius,350.0,11,0.9024206831748238,32,350,0.0,1.0,
radius,350.0,12,0.8945454338058582,32,350,0.0,1.0,
radius,350.0,13,0.8971295981889265,32,350,0.0,1.0,
radius,350.0,14,0.9357810754046914,32,350,0.0,1.0,
radius,350.0,15,0.8862228279002579,32,350,0.0,1.0,
radius,350.0,16,0.8729785591489454,32,350,0.0,1.0,
radius,350.0,17,0.8790820569118144,32,350,0.0,1.0,
radius,350.0,18,0.8615417347749644,32,350,0.0,1.0,
radius,350.0,19,0.8328229507062707,32,350,0.0,1.0,
radius,350.0,20,0.8653963175196752,32,350,0.0,1.0,
radius,350.0,21,0.793485225124853,32,350,0.0,1.0,
radius,350.0,22,0.9340987977990133,32,350,0.0,1.0,
radius,350.0,23,0.8219771751178457,32,350,0.0,1.0,
radius,350.0,24,0.8494152270312717,32,350,0.0,1.0,
radius,350.0,25,0.8399727966665173,32,350,0.0,1.0,
radius,350.0,26,0.8733921884224788,32,350,0.0,1.0,
radius,350.0,27,0.872080869766637,32,350,0.0,1.0,
radius,350.0,28,0.8850369726587937,32,350,0.0,1.0,
radius,350.0,29,0.8541795525304199,32,350,0.0,1.0,
radius,500.0,0,0.8705454089620703,32,500,0.0,1.0,
radius,500.0,1,0.9479017754745855,32,500,0.0,1.0,
radius,500.0,2,0.8442908100409361,32,500,0.0,1.0,
radius,500.0,3,0.9459978896722946,32,500,0.0,1.0,
radius,500.0,4,0.8852163487574456,32,500,0.0,1.0,
radius,500.0,5,0.9183989435892473,32,500,0.0,1.0,
radius,500.0,6,0.9347341884770819,32,500,0.0,1.0,
radius,500.0,7,0.9085980311311386,32,500,0.0,1.0,
radius,500.0,8,0.8593222310439909,32,500,0.0,1.0,
radius,500.0,9,0.9011676555520305,32,500,0.0,1.0,
radius,500.0,10,0.8927866462924585,32,500,0.0,1.0,
radius,500.0,11,0.8971923390647553,32,500,0.0,1.0,
radius,500.0,12,0.8862949482986241,32,500,0.0,1.0,
radius,500.0,13,0.8646425994406823,32,500,0.0,1.0,
radius,500.0,14,0.8802872935004392,32,500,0.0,1.0,
radius,500.0,15,0.9407409900993519,32,500,0.0,1.0,
radius,500.0,16,0.8578113084037345,32,500,0.0,1.0,
radius,500.0,17,0.8996254800660013,32,500,0.0,1.0,
radius,500.0,18,0.9004545517377283,32,500,0.0,1.0,
radius,500.0,19,0.8525750532129694,32,500,0.0,1.0,
radius,500.0,20,0.856697766873646,32,500,0.0,1.0,
radius,500.0,21,0.8773993614145257,32,500,0.0,1.0,
radius,500.0,22,0.8379087386201383,32,500,0.0,1.0,
radius,500.0,23,0.9034478873043964,32,500,0.0,1.0,
radius,500.0,24,0.9080133937651628,32,500,0.0,1.0,
radius,500.0,25,0.8790004448476048,32,500,0.0,1.0,
radius,500.0,26,0.7783097013753673,32,500,0.0,1.0,
radius,500.0,27,0.903312730599845,32,500,0.0,1.0,
radius,500.0,28,0.7918371099009134,32,500,0.0,1.0,
radius,500.0,29,0.9128981363077351,32,500,0.0,1.0,
radius,700.0,0,0.8087127091862396,32,700,0.0,1.0,
radius,700.0,1,0.8680601138582987,32,700,0.0,1.0,
radius,700.0,2,0.8827102027883745,32,700,0.0,1.0,
radius,700.0,3,0.8920910279051372,32,700,0.0,1.0,
radius,700.0,4,0.8636999958907294,32,700,0.0,1.0,
radius,700.0,5,0.8471786357142862,32,700,0.0,1.0,
radius,700.0,6,0.9149469761988144,32,700,0.0,1.0,
radius,700.0,7,0.8354600922497871,32,700,0.0,1.0,
radius,700.0,8,0.8429199129067678,32,700,0.0,1.0,
radius,700.0,9,0.8357503684591637,32,700,0.0,1.0,
radius,700.0,10,0.9369333999132858,32,700,0.0,1.0,
radius,700.0,11,0.856461816141549,32,700,0.0,1.0,
radius,700.0,12,0.8855051237807274,32,700,0.0,1.0,
radius,700.0,13,0.7503902545297783,32,700,0.0,1.0,
radius,700.0,14,0.8798170469392019,32,700,0.0,1.0,
radius,700.0,15,0.8919453774692206,32,700,0.0,1.0,
radius,700.0,16,0.8816684668594158,32,700,0.0,1.0,
radius,700.0,17,0.8798481828488471,32,700,0.0,1.0,
radius,700.0,18,0.8639282437085741,32,700,0.0,1.0,
radius,700.0,19,0.876953121016255,32,700,0.0,1.0,
radius,700.0,20,0.8936412981467955,32,700,0.0,1.0,
radius,700.0,21,0.8755516047620184,32,700,0.0,1.0,
radius,700.0,22,0.9085925976652919,32,700,0.0,1.0,
radius,700.0,23,0.9500923188845021,32,700,0.0,1.0,
radius,700.0,24,0.8575104732805977,32,700,0.0,1.0,
radius,700.0,25,0.94176274489104,32,700,0.0,1.0,
radius,700.0,26,0.8510607310549785,32,700,0.0,1.0,
radius,700.0,27,0.9047194284655443,32,700,0.0,1.0,
radius,700.0,28,0.8870544225713108,32,700,0.0,1.0,
radius,700.0,29,0.8921925788765815,32,700,0.0,1.0,
radius,1000.0,0,0.935058180927512,32,1000,0.0,1.0,
radius,1000.0,1,0.9400977174109006,32,1000,0.0,1.0,
radius,1000.0,2,0.942406709985697,32,1000,0.0,1.0,
radius,1000.0,3,0.9372709785961292,32,1000,0.0,1.0,
radius,1000.0,4,0.8581127384686587,32,1000,0.0,1.0,
radius,1000.0,5,0.8607852646872082,32,1000,0.0,1.0,
radius,1000.0,6,0.9254608105461801,32,1000,0.0,1.0,
radius,1000.0,7,0.9166287631739818,32,1000,0.0,1.0,
radius,1000.0,8,0.8092051826709515,32,1000,0.0,1.0,
radius,1000.0,9,0.9395582399393906,32,1000,0.0,1.0,
radius,1000.0,10,0.9222164950995887,32,1000,0.0,1.0,
radius,1000.0,11,0.9002773192087291,32,1000,0.0,1.0,
radius,1000.0,12,0.8821643266334234,32,1000,0.0,1.0,
radius,1000.0,13,0.7210049350242878,32,1000,0.0,1.0,
radius,1000.0,14,0.9038887245639382,32,1000,0.0,1.0,
radius,1000.0,15,0.939569198616014,32,1000,0.0,1.0,
radius,1000.0,16,0.8144889344239152,32,1000,0.0,1.0,
radius,1000.0,17,0.8022399084410851,32,1000,0.0,1.0,
radius,1000.0,18,0.7100559439820812,32,1000,0.0,1.0,
radius,1000.0,19,0.8943702068704555,32,1000,0.0,1.0,
radius,1000.0,20,0.816431445763229,32,1000,0.0,1.0,
radius,1000.0,21,0.8408407179730988,32,1000,0.0,1.0,
radius,1000.0,22,0.8945972814394128,32,1000,0.0,1.0,
radius,1000.0,23,0.8213075035538617,32,1000,0.0,1.0,
radius,1000.0,24,0.8658170426618359,32,1000,0.0,1.0,
radius,1000.0,25,0.8842809148636805,32,1000,0.0,1.0,
radius,1000.0,26,0.8403966111102479,32,1000,0.0,1.0,
radius,1000.0,27,0.9371508639084126,32,1000,0.0,1.0,
radius,1000.0,28,0.8737508940464728,32,1000,0.0,1.0,
radius,1000.0,29,0.8798608384198887,32,1000,0.0,1.0,
coordinate_noise,0.0,0,0.794267531101637,32,500,0.0,1.0,
coordinate_noise,0.0,1,0.8797237885731849,32,500,0.0,1.0,
coordinate_noise,0.0,2,0.8766265815270666,32,500,0.0,1.0,
coordinate_noise,0.0,3,0.9050866035582656,32,500,0.0,1.0,
coordinate_noise,0.0,4,0.9127719169819968,32,500,0.0,1.0,
coordinate_noise,0.0,5,0.8836811791759503,32,500,0.0,1.0,
coordinate_noise,0.0,6,0.9145648825934296,32,500,0.0,1.0,
coordinate_noise,0.0,7,0.9187829006887519,32,500,0.0,1.0,
coordinate_noise,0.0,8,0.9142505313601176,32,500,0.0,1.0,
coordinate_noise,0.0,9,0.7322008820987748,32,500,0.0,1.0,
coordinate_noise,0.0,10,0.8987687246194956,32,500,0.0,1.0,
coordinate_noise,0.0,11,0.8428914330918611,32,500,0.0,1.0,
coordinate_noise,0.0,12,0.8554943589472588,32,500,0.0,1.0,
coordinate_noise,0.0,13,0.9340663472909078,32,500,0.0,1.0,
coordinate_noise,0.0,14,0.91293232752732,32,500,0.0,1.0,
coordinate_noise,0.0,15,0.9438509034197432,32,500,0.0,1.0,
coordinate_noise,0.0,16,0.8521211370625236,32,500,0.0,1.0,
coordinate_noise,0.0,17,0.9194607192248312,32,500,0.0,1.0,
coordinate_noise,0.0,18,0.8644424458532802,32,500,0.0,1.0,
coordinate_noise,0.0,19,0.8452462714567073,32,500,0.0,1.0,
coordinate_noise,0.0,20,0.8818306724475529,32,500,0.0,1.0,
coordinate_noise,0.0,21,0.8771731165326803,32,500,0.0,1.0,
coordinate_noise,0.0,22,0.8777464126784352,32,500,0.0,1.0,
coordinate_noise,0.0,23,0.9117161718129785,32,500,0.0,1.0,
coordinate_noise,0.0,24,0.9080346741496257,32,500,0.0,1.0,
coordinate_noise,0.0,25,0.7935977282166006,32,500,0.0,1.0,
coordinate_noise,0.0,26,0.8860077270019117,32,500,0.0,1.0,
coordinate_noise,0.0,27,0.8867071819230452,32,500,0.0,1.0,
coordinate_noise,0.0,28,0.8761808517877607,32,500,0.0,1.0,
coordinate_noise,0.0,29,0.927658741713175,32,500,0.0,1.0,
coordinate_noise,50.0,0,0.8885668390588771,32,500,50.0,1.0,
coordinate_noise,50.0,1,0.9232644767044538,32,500,50.0,1.0,
coordinate_noise,50.0,2,0.8328074283067078,32,500,50.0,1.0,
coordinate_noise,50.0,3,0.8929484196526893,32,500,50.0,1.0,
coordinate_noise,50.0,4,0.8809459968285268,32,500,50.0,1.0,
coordinate_noise,50.0,5,0.9103300980024155,32,500,50.0,1.0,
coordinate_noise,50.0,6,0.7582393490990239,32,500,50.0,1.0,
coordinate_noise,50.0,7,0.9197880694889881,32,500,50.0,1.0,
coordinate_noise,50.0,8,0.8518151554615473,32,500,50.0,1.0,
coordinate_noise,50.0,9,0.7233366712145932,32,500,50.0,1.0,
coordinate_noise,50.0,10,0.8897522761765775,32,500,50.0,1.0,
coordinate_noise,50.0,11,0.8800844075704816,32,500,50.0,1.0,
coordinate_noise,50.0,12,0.8030927258916553,32,500,50.0,1.0,
coordinate_noise,50.0,13,0.872101029718045,32,500,50.0,1.0,
coordinate_noise,50.0,14,0.9163791485772068,32,500,50.0,1.0,
coordinate_noise,50.0,15,0.8949922671313656,32,500,50.0,1.0,
coordinate_noise,50.0,16,0.8973308832502784,32,500,50.0,1.0,
coordinate_noise,50.0,17,0.8994663355827824,32,500,50.0,1.0,
coordinate_noise,50.0,18,0.8692396066533895,32,500,50.0,1.0,
coordinate_noise,50.0,19,0.8219128903211739,32,500,50.0,1.0,
coordinate_noise,50.0,20,0.9117892114384502,32,500,50.0,1.0,
coordinate_noise,50.0,21,0.8631901153664323,32,500,50.0,1.0,
coordinate_noise,50.0,22,0.8874018214042496,32,500,50.0,1.0,
coordinate_noise,50.0,23,0.8638342175109471,32,500,50.0,1.0,
coordinate_noise,50.0,24,0.8738767206769461,32,500,50.0,1.0,
coordinate_noise,50.0,25,0.8724419223935311,32,500,50.0,1.0,
coordinate_noise,50.0,26,0.9116483360028624,32,500,50.0,1.0,
coordinate_noise,50.0,27,0.896759262478131,32,500,50.0,1.0,
coordinate_noise,50.0,28,0.7959577464162946,32,500,50.0,1.0,
coordinate_noise,50.0,29,0.8199676430117574,32,500,50.0,1.0,
coordinate_noise,100.0,0,0.9142659808763006,32,500,100.0,1.0,
coordinate_noise,100.0,1,0.8227252614881212,32,500,100.0,1.0,
coordinate_noise,100.0,2,0.8389072547831785,32,500,100.0,1.0,
coordinate_noise,100.0,3,0.8166888716560029,32,500,100.0,1.0,
coordinate_noise,100.0,4,0.8565585834783843,32,500,100.0,1.0,
coordinate_noise,100.0,5,0.9353095642016458,32,500,100.0,1.0,
coordinate_noise,100.0,6,0.8518912036562873,32,500,100.0,1.0,
coordinate_noise,100.0,7,0.7788383961811616,32,500,100.0,1.0,
coordinate_noise,100.0,8,0.9082541180904514,32,500,100.0,1.0,
coordinate_noise,100.0,9,0.9347085029061809,32,500,100.0,1.0,
coordinate_noise,100.0,10,0.8577242981234994,32,500,100.0,1.0,
coordinate_noise,100.0,11,0.862185874006325,32,500,100.0,1.0,
coordinate_noise,100.0,12,0.8391786744147731,32,500,100.0,1.0,
coordinate_noise,100.0,13,0.8392811564538613,32,500,100.0,1.0,
coordinate_noise,100.0,14,0.8106536285163872,32,500,100.0,1.0,
coordinate_noise,100.0,15,0.9246726460220268,32,500,100.0,1.0,
coordinate_noise,100.0,16,0.8774717938973196,32,500,100.0,1.0,
coordinate_noise,100.0,17,0.8425653801644809,32,500,100.0,1.0,
coordinate_noise,100.0,18,0.7996379837600178,32,500,100.0,1.0,
coordinate_noise,100.0,19,0.8706378778515661,32,500,100.0,1.0,
coordinate_noise,100.0,20,0.799343821068261,32,500,100.0,1.0,
coordinate_noise,100.0,21,0.8954903714964768,32,500,100.0,1.0,
coordinate_noise,100.0,22,0.8812210970586479,32,500,100.0,1.0,
coordinate_noise,100.0,23,0.8865283172085072,32,500,100.0,1.0,
coordinate_noise,100.0,24,0.88673542744838,32,500,100.0,1.0,
coordinate_noise,100.0,25,0.7684169258114608,32,500,100.0,1.0,
coordinate_noise,100.0,26,0.8151439704790191,32,500,100.0,1.0,
coordinate_noise,100.0,27,0.922757151775857,32,500,100.0,1.0,
coordinate_noise,100.0,28,0.8371064974781837,32,500,100.0,1.0,
coordinate_noise,100.0,29,0.8465387802540342,32,500,100.0,1.0,
coordinate_noise,200.0,0,0.8447003884200651,32,500,200.0,1.0,
coordinate_noise,200.0,1,0.6453862241469268,32,500,200.0,1.0,
coordinate_noise,200.0,2,0.8345496525193867,32,500,200.0,1.0,
coordinate_noise,200.0,3,0.7314065321112543,32,500,200.0,1.0,
coordinate_noise,200.0,4,0.84800910379768,32,500,200.0,1.0,
coordinate_noise,200.0,5,0.8511090686352427,32,500,200.0,1.0,
coordinate_noise,200.0,6,0.7768338542839462,32,500,200.0,1.0,
coordinate_noise,200.0,7,0.8048925230915395,32,500,200.0,1.0,
coordinate_noise,200.0,8,0.7842436167651243,32,500,200.0,1.0,
coordinate_noise,200.0,9,0.7873403247725967,32,500,200.0,1.0,
coordinate_noise,200.0,10,0.7016132562243991,32,500,200.0,1.0,
coordinate_noise,200.0,11,0.818984044315096,32,500,200.0,1.0,
coordinate_noise,200.0,12,0.8516017310741953,32,500,200.0,1.0,
coordinate_noise,200.0,13,0.8757256486475724,32,500,200.0,1.0,
coordinate_noise,200.0,14,0.8968703999922996,32,500,200.0,1.0,
coordinate_noise,200.0,15,0.7157484894967102,32,500,200.0,1.0,
coordinate_noise,200.0,16,0.7977282126470138,32,500,200.0,1.0,
coordinate_noise,200.0,17,0.8147310460331102,32,500,200.0,1.0,
coordinate_noise,200.0,18,0.7989916687805905,32,500,200.0,1.0,
coordinate_noise,200.0,19,0.7460756839583702,32,500,200.0,1.0,
coordinate_noise,200.0,20,0.6780767011991831,32,500,200.0,1.0,
coordinate_noise,200.0,21,0.8093864886638709,32,500,200.0,1.0,
coordinate_noise,200.0,22,0.8722004382566749,32,500,200.0,1.0,
coordinate_noise,200.0,23,0.7654288423946876,32,500,200.0,1.0,
coordinate_noise,200.0,24,0.821260844960896,32,500,200.0,1.0,
coordinate_noise,200.0,25,0.8352210096445895,32,500,200.0,1.0,
coordinate_noise,200.0,26,0.8026917542977893,32,500,200.0,1.0,
coordinate_noise,200.0,27,0.8381020943175846,32,500,200.0,1.0,
coordinate_noise,200.0,28,0.7174958220465917,32,500,200.0,1.0,
coordinate_noise,200.0,29,0.8388437521247802,32,500,200.0,1.0,
confounding,0.0,0,0.26300775315751135,32,500,0.0,1.0,0.0
confounding,0.0,1,0.021394740088549306,32,500,0.0,1.0,0.0
confounding,0.0,2,-0.41146315977979414,32,500,0.0,1.0,0.0
confounding,0.0,3,0.05794562086655752,32,500,0.0,1.0,0.0
confounding,0.0,4,0.0,32,500,0.0,1.0,0.0
confounding,0.0,5,0.1146330759186912,32,500,0.0,1.0,0.0
confounding,0.0,6,-0.3272346995441897,32,500,0.0,1.0,0.0
confounding,0.0,7,-0.08424428311054372,32,500,0.0,1.0,0.0
confounding,0.0,8,0.16072505372324025,32,500,0.0,1.0,0.0
confounding,0.0,9,-0.3566728562830017,32,500,0.0,1.0,0.0
confounding,0.0,10,-0.15942951699361727,32,500,0.0,1.0,0.0
confounding,0.0,11,-0.03969142130975409,32,500,0.0,1.0,0.0
confounding,0.0,12,-0.1853591733764213,32,500,0.0,1.0,0.0
confounding,0.0,13,0.024720203846338138,32,500,0.0,1.0,0.0
confounding,0.0,14,-0.00994486538478227,32,500,0.0,1.0,0.0
confounding,0.0,15,0.10419836607793166,32,500,0.0,1.0,0.0
confounding,0.0,16,-0.03410826321664481,32,500,0.0,1.0,0.0
confounding,0.0,17,-0.12714784177641697,32,500,0.0,1.0,0.0
confounding,0.0,18,0.09544120527939705,32,500,0.0,1.0,0.0
confounding,0.0,19,0.1297066330949845,32,500,0.0,1.0,0.0
confounding,0.0,20,-0.05250121122736421,32,500,0.0,1.0,0.0
confounding,0.0,21,0.012673368339026965,32,500,0.0,1.0,0.0
confounding,0.0,22,0.2962105495042262,32,500,0.0,1.0,0.0
confounding,0.0,23,-0.06069000643618655,32,500,0.0,1.0,0.0
confounding,0.0,24,0.13827413684304996,32,500,0.0,1.0,0.0
confounding,0.0,25,0.049042151435824424,32,500,0.0,1.0,0.0
confounding,0.0,26,-0.024979392668227064,32,500,0.0,1.0,0.0
confounding,0.0,27,-0.009921941410298436,32,500,0.0,1.0,0.0
confounding,0.0,28,-0.3172515402731211,32,500,0.0,1.0,0.0
confounding,0.0,29,0.043151009212618524,32,500,0.0,1.0,0.0
confounding,0.2,0,0.6383274499721936,32,500,0.0,1.0,0.0
confounding,0.2,1,0.685090726507223,32,500,0.0,1.0,0.0
confounding,0.2,2,0.5128543350248662,32,500,0.0,1.0,0.0
confounding,0.2,3,0.42403218591372743,32,500,0.0,1.0,0.0
confounding,0.2,4,0.5739273809401396,32,500,0.0,1.0,0.0
confounding,0.2,5,0.6248883033416854,32,500,0.0,1.0,0.0
confounding,0.2,6,0.5814006864786967,32,500,0.0,1.0,0.0
confounding,0.2,7,0.502725571077016,32,500,0.0,1.0,0.0
confounding,0.2,8,0.40835358796408167,32,500,0.0,1.0,0.0
confounding,0.2,9,0.5985351177038142,32,500,0.0,1.0,0.0
confounding,0.2,10,0.7480828400972195,32,500,0.0,1.0,0.0
confounding,0.2,11,0.7286619640051553,32,500,0.0,1.0,0.0
confounding,0.2,12,0.4687734563260983,32,500,0.0,1.0,0.0
confounding,0.2,13,0.6732220986543235,32,500,0.0,1.0,0.0
confounding,0.2,14,0.5419801483861872,32,500,0.0,1.0,0.0
confounding,0.2,15,0.5663805629734352,32,500,0.0,1.0,0.0
confounding,0.2,16,0.4695520784441357,32,500,0.0,1.0,0.0
confounding,0.2,17,0.6044203351706531,32,500,0.0,1.0,0.0
confounding,0.2,18,0.7385047998870149,32,500,0.0,1.0,0.0
confounding,0.2,19,0.5859451775545523,32,500,0.0,1.0,0.0
confounding,0.2,20,0.6207355470253757,32,500,0.0,1.0,0.0
confounding,0.2,21,0.6236821102611747,32,500,0.0,1.0,0.0
confounding,0.2,22,0.4106974540478508,32,500,0.0,1.0,0.0
confounding,0.2,23,0.5040404056313609,32,500,0.0,1.0,0.0
confounding,0.2,24,0.5970816022962974,32,500,0.0,1.0,0.0
confounding,0.2,25,0.7313511889482466,32,500,0.0,1.0,0.0
confounding,0.2,26,0.5009674670243588,32,500,0.0,1.0,0.0
confounding,0.2,27,0.49988306761407286,32,500,0.0,1.0,0.0
confounding,0.2,28,0.5117149412533546,32,500,0.0,1.0,0.0
confounding,0.2,29,0.736685544505348,32,500,0.0,1.0,0.0
confounding,0.4,0,0.7255044194080655,32,500,0.0,1.0,0.0
confounding,0.4,1,0.8270956959444272,32,500,0.0,1.0,0.0
confounding,0.4,2,0.8530486316902647,32,500,0.0,1.0,0.0
confounding,0.4,3,0.8637786813386137,32,500,0.0,1.0,0.0
confounding,0.4,4,0.719897755353961,32,500,0.0,1.0,0.0
confounding,0.4,5,0.9038944775425746,32,500,0.0,1.0,0.0
confounding,0.4,6,0.7441922808204984,32,500,0.0,1.0,0.0
confounding,0.4,7,0.7855064972225951,32,500,0.0,1.0,0.0
confounding,0.4,8,0.8360097000648125,32,500,0.0,1.0,0.0
confounding,0.4,9,0.49438239023736685,32,500,0.0,1.0,0.0
confounding,0.4,10,0.7936446696149441,32,500,0.0,1.0,0.0
confounding,0.4,11,0.7696220822778723,32,500,0.0,1.0,0.0
confounding,0.4,12,0.7279069294898529,32,500,0.0,1.0,0.0
confounding,0.4,13,0.7603435267752506,32,500,0.0,1.0,0.0
confounding,0.4,14,0.7010661837182024,32,500,0.0,1.0,0.0
confounding,0.4,15,0.7072139349673829,32,500,0.0,1.0,0.0
confounding,0.4,16,0.5732719427626296,32,500,0.0,1.0,0.0
confounding,0.4,17,0.7905972360472466,32,500,0.0,1.0,0.0
confounding,0.4,18,0.7316148689857408,32,500,0.0,1.0,0.0
confounding,0.4,19,0.702134913364972,32,500,0.0,1.0,0.0
confounding,0.4,20,0.7442141495578892,32,500,0.0,1.0,0.0
confounding,0.4,21,0.7370388810352292,32,500,0.0,1.0,0.0
confounding,0.4,22,0.5732229531723506,32,500,0.0,1.0,0.0
confounding,0.4,23,0.7558604433677689,32,500,0.0,1.0,0.0
confounding,0.4,24,0.4656769135103425,32,500,0.0,1.0,0.0
confounding,0.4,25,0.8028815153160798,32,500,0.0,1.0,0.0
confounding,0.4,26,0.7828821370453047,32,500,0.0,1.0,0.0
confounding,0.4,27,0.7251872814442704,32,500,0.0,1.0,0.0
confounding,0.4,28,0.8443985161154121,32,500,0.0,1.0,0.0
confounding,0.4,29,0.8418582345222556,32,500,0.0,1.0,0.0
confounding,0.6,0,0.8092402085119931,32,500,0.0,1.0,0.0
confounding,0.6,1,0.8816470342400461,32,500,0.0,1.0,0.0
confounding,0.6,2,0.7030845291077006,32,500,0.0,1.0,0.0
confounding,0.6,3,0.8636371824979759,32,500,0.0,1.0,0.0
confounding,0.6,4,0.7994664273209887,32,500,0.0,1.0,0.0
confounding,0.6,5,0.8291390909345316,32,500,0.0,1.0,0.0
confounding,0.6,6,0.8166231797516708,32,500,0.0,1.0,0.0
confounding,0.6,7,0.875627590883664,32,500,0.0,1.0,0.0
confounding,0.6,8,0.9088982604403443,32,500,0.0,1.0,0.0
confounding,0.6,9,0.8871588800875488,32,500,0.0,1.0,0.0
confounding,0.6,10,0.9118684190584899,32,500,0.0,1.0,0.0
confounding,0.6,11,0.8733752670880451,32,500,0.0,1.0,0.0
confounding,0.6,12,0.8531820434763522,32,500,0.0,1.0,0.0
confounding,0.6,13,0.8782627983658993,32,500,0.0,1.0,0.0
confounding,0.6,14,0.752094644989597,32,500,0.0,1.0,0.0
confounding,0.6,15,0.8934559789658766,32,500,0.0,1.0,0.0
confounding,0.6,16,0.8812628590476372,32,500,0.0,1.0,0.0
confounding,0.6,17,0.8337389539493474,32,500,0.0,1.0,0.0
confounding,0.6,18,0.9254247316833049,32,500,0.0,1.0,0.0
confounding,0.6,19,0.8674528081520138,32,500,0.0,1.0,0.0
confounding,0.6,20,0.7720855557146015,32,500,0.0,1.0,0.0
confounding,0.6,21,0.8733559073364674,32,500,0.0,1.0,0.0
confounding,0.6,22,0.8895151446891446,32,500,0.0,1.0,0.0
confounding,0.6,23,0.8086536904337962,32,500,0.0,1.0,0.0
confounding,0.6,24,0.8214150658398472,32,500,0.0,1.0,0.0
confounding,0.6,25,0.8498393440152507,32,500,0.0,1.0,0.0
confounding,0.6,26,0.8595568920608114,32,500,0.0,1.0,0.0
confounding,0.6,27,0.7371634988540244,32,500,0.0,1.0,0.0
confounding,0.6,28,0.8615846089380287,32,500,0.0,1.0,0.0
confounding,0.6,29,0.834418129067837,32,500,0.0,1.0,0.0
effect_size,0.0,0,0.6286212443418737,32,500,0.0,1.0,0.0
effect_size,0.0,1,0.7517131092110029,32,500,0.0,1.0,0.0
effect_size,0.0,2,0.7534100430040243,32,500,0.0,1.0,0.0
effect_size,0.0,3,0.6551955118106906,32,500,0.0,1.0,0.0
effect_size,0.0,4,0.435192418082772,32,500,0.0,1.0,0.0
effect_size,0.0,5,0.705953083692964,32,500,0.0,1.0,0.0
effect_size,0.0,6,0.7926959882308502,32,500,0.0,1.0,0.0
effect_size,0.0,7,0.703744390374035,32,500,0.0,1.0,0.0
effect_size,0.0,8,0.44732367410464413,32,500,0.0,1.0,0.0
effect_size,0.0,9,0.6344446090831364,32,500,0.0,1.0,0.0
effect_size,0.0,10,0.7712512822613131,32,500,0.0,1.0,0.0
effect_size,0.0,11,0.5703554929035881,32,500,0.0,1.0,0.0
effect_size,0.0,12,0.5629970414484583,32,500,0.0,1.0,0.0
effect_size,0.0,13,0.5845474748740083,32,500,0.0,1.0,0.0
effect_size,0.0,14,0.46919640459244033,32,500,0.0,1.0,0.0
effect_size,0.0,15,0.4930110335014591,32,500,0.0,1.0,0.0
effect_size,0.0,16,0.6460450692569973,32,500,0.0,1.0,0.0
effect_size,0.0,17,0.6836164996637958,32,500,0.0,1.0,0.0
effect_size,0.0,18,0.45984948117978036,32,500,0.0,1.0,0.0
effect_size,0.0,19,0.7360024733600582,32,500,0.0,1.0,0.0
effect_size,0.0,20,0.7086233117848668,32,500,0.0,1.0,0.0
effect_size,0.0,21,0.6957532469526544,32,500,0.0,1.0,0.0
effect_size,0.0,22,0.5505643467326797,32,500,0.0,1.0,0.0
effect_size,0.0,23,0.6493789352233089,32,500,0.0,1.0,0.0
effect_size,0.0,24,0.47022814199026464,32,500,0.0,1.0,0.0
effect_size,0.0,25,0.7181738325075024,32,500,0.0,1.0,0.0
effect_size,0.0,26,0.5410093225168062,32,500,0.0,1.0,0.0
effect_size,0.0,27,0.5693039329808139,32,500,0.0,1.0,0.0
effect_size,0.0,28,0.6565492294432378,32,500,0.0,1.0,0.0
effect_size,0.0,29,0.6342881470876175,32,500,0.0,1.0,0.0
effect_size,0.1,0,0.6690161776877995,32,500,0.0,1.0,0.1
effect_size,0.1,1,0.7072373745477828,32,500,0.0,1.0,0.1
effect_size,0.1,2,0.7723355453912718,32,500,0.0,1.0,0.1
effect_size,0.1,3,0.7098337399560284,32,500,0.0,1.0,0.1
effect_size,0.1,4,0.6025682918813791,32,500,0.0,1.0,0.1
effect_size,0.1,5,0.7649786431134549,32,500,0.0,1.0,0.1
effect_size,0.1,6,0.7974029198467975,32,500,0.0,1.0,0.1
effect_size,0.1,7,0.8031504124470003,32,500,0.0,1.0,0.1
effect_size,0.1,8,0.876680412898772,32,500,0.0,1.0,0.1
effect_size,0.1,9,0.7159419193680178,32,500,0.0,1.0,0.1
effect_size,0.1,10,0.7590035421301685,32,500,0.0,1.0,0.1
effect_size,0.1,11,0.8067657054180659,32,500,0.0,1.0,0.1
effect_size,0.1,12,0.8403697947292168,32,500,0.0,1.0,0.1
effect_size,0.1,13,0.6986608811427396,32,500,0.0,1.0,0.1
effect_size,0.1,14,0.7325912548908075,32,500,0.0,1.0,0.1
effect_size,0.1,15,0.8454423464756738,32,500,0.0,1.0,0.1
effect_size,0.1,16,0.7349586229850693,32,500,0.0,1.0,0.1
effect_size,0.1,17,0.8318114296276413,32,500,0.0,1.0,0.1
effect_size,0.1,18,0.7226438241519187,32,500,0.0,1.0,0.1
effect_size,0.1,19,0.6594198709559174,32,500,0.0,1.0,0.1
effect_size,0.1,20,0.7376934289807833,32,500,0.0,1.0,0.1
effect_size,0.1,21,0.8257022268803939,32,500,0.0,1.0,0.1
effect_size,0.1,22,0.6475034099213279,32,500,0.0,1.0,0.1
effect_size,0.1,23,0.7745748582049359,32,500,0.0,1.0,0.1
effect_size,0.1,24,0.7494964178828845,32,500,0.0,1.0,0.1
effect_size,0.1,25,0.7561081426348217,32,500,0.0,1.0,0.1
effect_size,0.1,26,0.7962522184006258,32,500,0.0,1.0,0.1
effect_size,0.1,27,0.7834848789149065,32,500,0.0,1.0,0.1
effect_size,0.1,28,0.7706586624057871,32,500,0.0,1.0,0.1
effect_size,0.1,29,0.9058154448034352,32,500,0.0,1.0,0.1
effect_size,0.3,0,0.9233941493602208,32,500,0.0,1.0,0.3
effect_size,0.3,1,0.8174521953732272,32,500,0.0,1.0,0.3
effect_size,0.3,2,0.8728221042948792,32,500,0.0,1.0,0.3
effect_size,0.3,3,0.8690649250391875,32,500,0.0,1.0,0.3
effect_size,0.3,4,0.9014568761553997,32,500,0.0,1.0,0.3
effect_size,0.3,5,0.8768934582435433,32,500,0.0,1.0,0.3
effect_size,0.3,6,0.8955146289388379,32,500,0.0,1.0,0.3
effect_size,0.3,7,0.903592421755547,32,500,0.0,1.0,0.3
effect_size,0.3,8,0.8405308941065052,32,500,0.0,1.0,0.3
effect_size,0.3,9,0.8921430946119422,32,500,0.0,1.0,0.3
effect_size,0.3,10,0.8703210229943351,32,500,0.0,1.0,0.3
effect_size,0.3,11,0.888537011979253,32,500,0.0,1.0,0.3
effect_size,0.3,12,0.8919453774692206,32,500,0.0,1.0,0.3
effect_size,0.3,13,0.8098191488154287,32,500,0.0,1.0,0.3
effect_size,0.3,14,0.9200130418565955,32,500,0.0,1.0,0.3
effect_size,0.3,15,0.8144074500629549,32,500,0.0,1.0,0.3
effect_size,0.3,16,0.8921677829096951,32,500,0.0,1.0,0.3
effect_size,0.3,17,0.8466445569159521,32,500,0.0,1.0,0.3
effect_size,0.3,18,0.8288312812399494,32,500,0.0,1.0,0.3
effect_size,0.3,19,0.870532907852201,32,500,0.0,1.0,0.3
effect_size,0.3,20,0.9244258817066676,32,500,0.0,1.0,0.3
effect_size,0.3,21,0.8872609476703377,32,500,0.0,1.0,0.3
effect_size,0.3,22,0.8981268676502621,32,500,0.0,1.0,0.3
effect_size,0.3,23,0.8832516597528267,32,500,0.0,1.0,0.3
effect_size,0.3,24,0.8773799456364414,32,500,0.0,1.0,0.3
effect_size,0.3,25,0.859166630269546,32,500,0.0,1.0,0.3
effect_size,0.3,26,0.8424448809496662,32,500,0.0,1.0,0.3
effect_size,0.3,27,0.9477353469030646,32,500,0.0,1.0,0.3
effect_size,0.3,28,0.8604946400955051,32,500,0.0,1.0,0.3
effect_size,0.3,29,0.8991055159268477,32,500,0.0,1.0,0.3
effect_size,0.5,0,0.922981933321494,32,500,0.0,1.0,0.5
effect_size,0.5,1,0.9001849796657094,32,500,0.0,1.0,0.5
effect_size,0.5,2,0.9401642665550718,32,500,0.0,1.0,0.5
effect_size,0.5,3,0.9281892802528289,32,500,0.0,1.0,0.5
effect_size,0.5,4,0.920677091691005,32,500,0.0,1.0,0.5
effect_size,0.5,5,0.9218100088904024,32,500,0.0,1.0,0.5
effect_size,0.5,6,0.9204367099099917,32,500,0.0,1.0,0.5
effect_size,0.5,7,0.8719361129118921,32,500,0.0,1.0,0.5
effect_size,0.5,8,0.9188556695353183,32,500,0.0,1.0,0.5
effect_size,0.5,9,0.8904554569462699,32,500,0.0,1.0,0.5
effect_size,0.5,10,0.9292699985984342,32,500,0.0,1.0,0.5
effect_size,0.5,11,0.9563075289929018,32,500,0.0,1.0,0.5
effect_size,0.5,12,0.8961808413318088,32,500,0.0,1.0,0.5
effect_size,0.5,13,0.939071911503694,32,500,0.0,1.0,0.5
effect_size,0.5,14,0.9395330525098885,32,500,0.0,1.0,0.5
effect_size,0.5,15,0.9363503354055849,32,500,0.0,1.0,0.5
effect_size,0.5,16,0.9327284692625729,32,500,0.0,1.0,0.5
effect_size,0.5,17,0.8877194942749804,32,500,0.0,1.0,0.5
effect_size,0.5,18,0.9150172305384527,32,500,0.0,1.0,0.5
effect_size,0.5,19,0.9283984251277108,32,500,0.0,1.0,0.5
effect_size,0.5,20,0.8831341241420285,32,500,0.0,1.0,0.5
effect_size,0.5,21,0.9202961696529689,32,500,0.0,1.0,0.5
effect_size,0.5,22,0.8464345351537853,32,500,0.0,1.0,0.5
effect_size,0.5,23,0.940095948944982,32,500,0.0,1.0,0.5
effect_size,0.5,24,0.9299564316207706,32,500,0.0,1.0,0.5
effect_size,0.5,25,0.9557831958911883,32,500,0.0,1.0,0.5
effect_size,0.5,26,0.876562355869372,32,500,0.0,1.0,0.5
effect_size,0.5,27,0.9322697275862246,32,500,0.0,1.0,0.5
effect_size,0.5,28,0.9369916744661706,32,500,0.0,1.0,0.5
effect_size,0.5,29,0.9467347654998437,32,500,0.0,1.0,0.5
