census_year,block_id,property_id,base_property_id,building_address,clue_small_area,trading_name,business_address,number_of_patrons,longitude,latitude,location
2024,186,BP81,BB81,81 Demo Road,Central,Synthetic Bar 81,"81 Demo Road, Melbourne",204,144.96026311514186,-37.816723530477134,POINT (144.96026311514186 -37.816723530477134)
2024,597,BP82,BB82,82 Demo Road,Central,Synthetic Bar 82,"82 Demo Road, Melbourne",270,144.94954213371565,-37.808724392273476,POINT (144.94954213371565 -37.808724392273476)
2024,131,BP83,BB83,83 Demo Road,Central,Synthetic Bar 83,"83 Demo Road, Melbourne",223,144.96092661216662,-37.81215004168108,POINT (144.96092661216662 -37.81215004168108)
2024,376,BP84,BB84,84 Demo Road,Central,Synthetic Bar 84,"84 Demo Road, Melbourne",242,144.9610964393511,-37.82424977235785,POINT (144.9610964393511 -37.82424977235785)
2024,16,BP85,BB85,85 Demo Road,Central,Synthetic Bar 85,"85 Demo Road, Melbourne",132,144.96177053311285,-37.810507537582595,POINT (144.96177053311285 -37.810507537582595)
2024,518,BP86,BB86,86 Demo Road,Central,Synthetic Bar 86,"86 Demo Road, Melbourne",114,144.95530628370653,-37.817065233324136,POINT (144.95530628370653 -37.817065233324136)
2024,182,BP87,BB87,87 Demo Road,Central,Synthetic Bar 87,"87 Demo Road, Melbourne",139,144.96715692799734,-37.80595331669836,POINT (144.96715692799734 -37.80595331669836)
2024,108,BP88,BB88,88 Demo Road,Central,Synthetic Bar 88,"88 Demo Road, Melbourne",88,144.966771551627,-37.81736552521862,POINT (144.966771551627 -37.81736552521862)
2024,211,BP89,BB89,89 Demo Road,Central,Synthetic Bar 89,"89 Demo Road, Melbourne",311,144.95263916066125,-37.81741969169862,POINT (144.95263916066125 -37.81741969169862)
2024,1,BP90,BB90,90 Demo Road,Central,Synthetic Bar 90,"90 Demo Road, Melbourne",127,144.96799437712187,-37.81035321033517,POINT (144.96799437712187 -37.81035321033517)
2024,37,BP91,BB91,91 Demo Road,Central,Synthetic Bar 91,"91 Demo Road, Melbourne",214,144.97746879487363,-37.80902244110598,POINT (144.97746879487363 -37.80902244110598)
2024,152,BP92,BB92,92 Demo Road,Central,Synthetic Bar 92,"92 Demo Road, Melbourne",285,144.96430372232706,-37.810911403816384,POINT (144.96430372232706 -37.810911403816384)
2024,355,BP93,BB93,93 Demo Road,Central,Synthetic Bar 93,"93 Demo Road, Melbourne",282,144.96073872386552,-37.82371358390431,POINT (144.96073872386552 -37.82371358390431)
2024,385,BP94,BB94,94 Demo Road,Central,Synthetic Bar 94,"94 Demo Road, Melbourne",175,144.96210597749914,-37.81037179336043,POINT (144.96210597749914 -37.81037179336043)
2024,522,BP95,BB95,95 Demo Road,Central,Synthetic Bar 95,"95 Demo Road, Melbourne",187,144.96740679736877,-37.81980584831005,POINT (144.96740679736877 -37.81980584831005)
2024,576,BP96,BB96,96 Demo Road,Central,Synthetic Bar 96,"96 Demo Road, Melbourne",348,144.95098529876145,-37.81218834333047,POINT (144.95098529876145 -37.81218834333047)
2024,357,BP97,BB97,97 Demo Road,Central,Synthetic Bar 97,"97 Demo Road, Melbourne",249,144.96425073492082,-37.82214240661239,POINT (144.96425073492082 -37.82214240661239)
2024,155,BP98,BB98,98 Demo Road,Central,Synthetic Bar 98,"98 Demo Road, Melbourne",292,144.96036675235376,-37.810922067114745,POINT (144.96036675235376 -37.810922067114745)
2024,407,BP99,BB99,99 Demo Road,Central,Synthetic Bar 99,"99 Demo Road, Melbourne",319,144.97603477509068,-37.81843959342584,POINT (144.97603477509068 -37.81843959342584)
2024,162,BP100,BB100,100 Demo Road,Central,Synthetic Bar 100,"100 Demo Road, Melbourne",284,144.96188079086338,-37.82129580790156,POINT (144.96188079086338 -37.82129580790156)
2024,285,BP101,BB101,101 Demo Road,Central,Synthetic Bar 101,"101 Demo Road, Melbourne",97,144.97477521327784,-37.809317079181106,POINT (144.97477521327784 -37.809317079181106)
2024,104,BP102,BB102,102 Demo Road,Central,Synthetic Bar 102,"102 Demo Road, Melbourne",214,144.95537381511554,-37.81215013286994,POINT (144.95537381511554 -37.81215013286994)
2024,194,BP103,BB103,103 Demo Road,Central,Synthetic Bar 103,"103 Demo Road, Melbourne",71,144.96721081416763,-37.81728386080836,POINT (144.96721081416763 -37.81728386080836)
2024,259,BP104,BB104,104 Demo Road,Central,Synthetic Bar 104,"104 Demo Road, Melbourne",242,144.96533580184655,-37.80489292690587,POINT (144.96533580184655 -37.80489292690587)
2024,194,BP105,BB105,105 Demo Road,Central,Synthetic Bar 105,"105 Demo Road, Melbourne",336,144.95701666926493,-37.81624391452942,POINT (144.95701666926493 -37.81624391452942)
2024,473,BP106,BB106,106 Demo Road,Central,Synthetic Bar 106,"106 Demo Road, Melbourne",198,144.96434177280244,-37.81340735395617,POINT (144.96434177280244 -37.81340735395617)
2024,567,BP107,BB107,107 Demo Road,Central,Synthetic Bar 107,"107 Demo Road, Melbourne",174,144.97158763185783,-37.811986519313926,POINT (144.97158763185783 -37.811986519313926)
2024,85,BP108,BB108,108 Demo Road,Central,Synthetic Bar 108,"108 Demo Road, Melbourne",51,144.96083345807,-37.817317995604775,POINT (144.96083345807 -37.817317995604775)
2024,569,BP109,BB109,109 Demo Road,Central,Synthetic Bar 109,"109 Demo Road, Melbourne",337,144.9512562614558,-37.8107731822396,POINT (144.9512562614558 -37.8107731822396)
2024,448,BP110,BB110,110 Demo Road,Central,Synthetic Bar 110,"110 Demo Road, Melbourne",71,144.96297706021466,-37.81680071408299,POINT (144.96297706021466 -37.81680071408299)
2024,178,BP111,BB111,111 Demo Road,Central,Synthetic Bar 111,"111 Demo Road, Melbourne",52,144.95678303833645,-37.8160698299333,POINT (144.95678303833645 -37.8160698299333)
2024,32,BP112,BB112,112 Demo Road,Central,Synthetic Bar 112,"112 Demo Road, Melbourne",116,144.96070361342936,-37.80542414416118,POINT (144.96070361342936 -37.80542414416118)
2024,347,BP113,BB113,113 Demo Road,Central,Synthetic Bar 113,"113 Demo Road, Melbourne",60,144.96252888561222,-37.819843516315075,POINT (144.96252888561222 -37.819843516315075)
2024,597,BP114,BB114,114 Demo Road,Central,Synthetic Bar 114,"114 Demo Road, Melbourne",181,144.9511604344879,-37.82807668198558,POINT (144.9511604344879 -37.82807668198558)
2024,160,BP115,BB115,115 Demo Road,Central,Synthetic Bar 115,"115 Demo Road, Melbourne",199,144.95179039162474,-37.80393437802993,POINT (144.95179039162474 -37.80393437802993)
2024,479,BP116,BB116,116 Demo Road,Central,Synthetic Bar 116,"116 Demo Road, Melbourne",136,144.96647446784868,-37.798304032284356,POINT (144.96647446784868 -37.798304032284356)
2024,202,BP165,BB165,165 Demo Road,North,Synthetic Bar 165,"165 Demo Road, Melbourne",115,144.96677006786086,-37.80344166249264,POINT (144.96677006786086 -37.80344166249264)
2024,180,BP166,BB166,166 Demo Road,North,Synthetic Bar 166,"166 Demo Road, Melbourne",89,144.96431777568424,-37.8045092448096,POINT (144.96431777568424 -37.8045092448096)
2024,23,BP167,BB167,167 Demo Road,North,Synthetic Bar 167,"167 Demo Road, Melbourne",331,144.9738453772738,-37.801279523622036,POINT (144.9738453772738 -37.801279523622036)
2024,46,BP168,BB168,168 Demo Road,North,Synthetic Bar 168,"168 Demo Road, Melbourne",315,144.96176787886023,-37.799326814292115,POINT (144.96176787886023 -37.799326814292115)
2024,2,BP169,BB169,169 Demo Road,North,Synthetic Bar 169,"169 Demo Road, Melbourne",280,144.96046377428368,-37.80704735769774,POINT (144.96046377428368 -37.80704735769774)
2024,200,BP170,BB170,170 Demo Road,North,Synthetic Bar 170,"170 Demo Road, Melbourne",200,144.96985212876965,-37.79665430393526,POINT (144.96985212876965 -37.79665430393526)
2024,172,BP171,BB171,171 Demo Road,North,Synthetic Bar 171,"171 Demo Road, Melbourne",192,144.9557505055105,-37.800621985789995,POINT (144.9557505055105 -37.800621985789995)
2024,274,BP172,BB172,172 Demo Road,North,Synthetic Bar 172,"172 Demo Road, Melbourne",204,144.96922784193723,-37.81235167751987,POINT (144.96922784193723 -37.81235167751987)
2024,239,BP173,BB173,173 Demo Road,North,Synthetic Bar 173,"173 Demo Road, Melbourne",206,144.96721787228608,-37.81275154864238,POINT (144.96721787228608 -37.81275154864238)
2024,501,BP174,BB174,174 Demo Road,North,Synthetic Bar 174,"174 Demo Road, Melbourne",174,144.96546790257057,-37.80107391575758,POINT (144.96546790257057 -37.80107391575758)
2024,219,BP175,BB175,175 Demo Road,North,Synthetic Bar 175,"175 Demo Road, Melbourne",80,144.97761793275004,-37.80232580390672,POINT (144.97761793275004 -37.80232580390672)
2024,218,BP176,BB176,176 Demo Road,North,Synthetic Bar 176,"176 Demo Road, Melbourne",78,144.96214454788293,-37.80162052068145,POINT (144.96214454788293 -37.80162052068145)
2024,111,BP177,BB177,177 Demo Road,North,Synthetic Bar 177,"177 Demo Road, Melbourne",335,144.98092208719368,-37.80116789473918,POINT (144.98092208719368 -37.80116789473918)
2024,55,BP178,BB178,178 Demo Road,North,Synthetic Bar 178,"178 Demo Road, Melbourne",189,144.9649219798554,-37.79964664096294,POINT (144.9649219798554 -37.79964664096294)
2024,506,BP179,BB179,179 Demo Road,North,Synthetic Bar 179,"179 Demo Road, Melbourne",335,144.9575608848852,-37.79531410234091,POINT (144.9575608848852 -37.79531410234091)
2024,89,BP180,BB180,180 Demo Road,North,Synthetic Bar 180,"180 Demo Road, Melbourne",90,144.96698943706696,-37.80766662940551,POINT (144.96698943706696 -37.80766662940551)
2024,226,BP181,BB181,181 Demo Road,North,Synthetic Bar 181,"181 Demo Road, Melbourne",211,144.95896628359776,-37.80803182955741,POINT (144.95896628359776 -37.80803182955741)
2024,582,BP182,BB182,182 Demo Road,North,Synthetic Bar 182,"182 Demo Road, Melbourne",104,144.9612377090653,-37.807559943147325,POINT (144.9612377090653 -37.807559943147325)
2024,100,BP183,BB183,183 Demo Road,North,Synthetic Bar 183,"183 Demo Road, Melbourne",118,144.9692792331001,-37.79926649999699,POINT (144.9692792331001 -37.79926649999699)
2024,530,BP184,BB184,184 Demo Road,North,Synthetic Bar 184,"184 Demo Road, Melbourne",49,144.97038907462056,-37.79353031572812,POINT (144.97038907462056 -37.79353031572812)
2024,231,BP185,BB185,185 Demo Road,North,Synthetic Bar 185,"185 Demo Road, Melbourne",76,144.9621448260982,-37.80358803662944,POINT (144.9621448260982 -37.80358803662944)
2024,96,BP186,BB186,186 Demo Road,North,Synthetic Bar 186,"186 Demo Road, Melbourne",324,144.97341183601532,-37.81601019906496,POINT (144.97341183601532 -37.81601019906496)
2024,2,BP187,BB187,187 Demo Road,North,Synthetic Bar 187,"187 Demo Road, Melbourne",139,144.97460255430613,-37.81122395717566,POINT (144.97460255430613 -37.81122395717566)
2024,555,BP188,BB188,188 Demo Road,North,Synthetic Bar 188,"188 Demo Road, Melbourne",228,144.97655411229593,-37.805998220336775,POINT (144.97655411229593 -37.805998220336775)
2024,44,BP189,BB189,189 Demo Road,North,Synthetic Bar 189,"189 Demo Road, Melbourne",184,144.97020589384988,-37.804346373324975,POINT (144.97020589384988 -37.804346373324975)
2024,589,BP190,BB190,190 Demo Road,North,Synthetic Bar 190,"190 Demo Road, Melbourne",164,144.9760440009846,-37.80345033176353,POINT (144.9760440009846 -37.80345033176353)
2024,550,BP227,BB227,227 Demo Road,Southwest,Synthetic Bar 227,"227 Demo Road, Melbourne",294,144.9535630993694,-37.82918770177841,POINT (144.9535630993694 -37.82918770177841)
2024,568,BP228,BB228,228 Demo Road,Southwest,Synthetic Bar 228,"228 Demo Road, Melbourne",169,144.9513273777024,-37.823875755921314,POINT (144.9513273777024 -37.823875755921314)
2024,240,BP229,BB229,229 Demo Road,Southwest,Synthetic Bar 229,"229 Demo Road, Melbourne",139,144.95555953938705,-37.83205676555833,POINT (144.95555953938705 -37.83205676555833)
2024,143,BP230,BB230,230 Demo Road,Southwest,Synthetic Bar 230,"230 Demo Road, Melbourne",272,144.9610645257704,-37.82797726792031,POINT (144.9610645257704 -37.82797726792031)
2024,433,BP231,BB231,231 Demo Road,Southwest,Synthetic Bar 231,"231 Demo Road, Melbourne",288,144.9567625476012,-37.82113928372334,POINT (144.9567625476012 -37.82113928372334)
2024,102,BP232,BB232,232 Demo Road,Southwest,Synthetic Bar 232,"232 Demo Road, Melbourne",192,144.95090761544353,-37.81458592081355,POINT (144.95090761544353 -37.81458592081355)
2024,135,BP233,BB233,233 Demo Road,Southwest,Synthetic Bar 233,"233 Demo Road, Melbourne",316,144.96408405068954,-37.80564473483262,POINT (144.96408405068954 -37.80564473483262)
2024,163,BP234,BB234,234 Demo Road,Southwest,Synthetic Bar 234,"234 Demo Road, Melbourne",84,144.96655429852086,-37.82601951051042,POINT (144.96655429852086 -37.82601951051042)
2024,346,BP235,BB235,235 Demo Road,Southwest,Synthetic Bar 235,"235 Demo Road, Melbourne",312,144.95896189658725,-37.81388819906012,POINT (144.95896189658725 -37.81388819906012)
2024,555,BP236,BB236,236 Demo Road,Southwest,Synthetic Bar 236,"236 Demo Road, Melbourne",69,144.9623156445794,-37.821037485117586,POINT (144.9623156445794 -37.821037485117586)
2024,198,BP237,BB237,237 Demo Road,Southwest,Synthetic Bar 237,"237 Demo Road, Melbourne",87,144.9641937199777,-37.82340748588047,POINT (144.9641937199777 -37.82340748588047)
2024,187,BP238,BB238,238 Demo Road,Southwest,Synthetic Bar 238,"238 Demo Road, Melbourne",205,144.96341069521483,-37.81990443328964,POINT (144.96341069521483 -37.81990443328964)
2024,171,BP239,BB239,239 Demo Road,Southwest,Synthetic Bar 239,"239 Demo Road, Melbourne",60,144.9597986942398,-37.82212850109792,POINT (144.9597986942398 -37.82212850109792)
2024,310,BP240,BB240,240 Demo Road,Southwest,Synthetic Bar 240,"240 Demo Road, Melbourne",56,144.95968842932953,-37.821837625646324,POINT (144.95968842932953 -37.821837625646324)
2024,138,BP241,BB241,241 Demo Road,Southwest,Synthetic Bar 241,"241 Demo Road, Melbourne",40,144.95913762401344,-37.824949998976955,POINT (144.95913762401344 -37.824949998976955)
2024,53,BP242,BB242,242 Demo Road,Southwest,Synthetic Bar 242,"242 Demo Road, Melbourne",175,144.94781863627819,-37.83088865795879,POINT (144.94781863627819 -37.83088865795879)
2024,516,BP243,BB243,243 Demo Road,Southwest,Synthetic Bar 243,"243 Demo Road, Melbourne",280,144.960405062098,-37.83176175121513,POINT (144.960405062098 -37.83176175121513)
2024,60,BP244,BB244,244 Demo Road,Southwest,Synthetic Bar 244,"244 Demo Road, Melbourne",50,144.94600930220213,-37.81858053070031,POINT (144.94600930220213 -37.81858053070031)
2024,225,BP273,BB273,273 Demo Road,Docklands,Synthetic Bar 273,"273 Demo Road, Melbourne",139,144.95786316084087,-37.807304647045704,POINT (144.95786316084087 -37.807304647045704)
2024,588,BP274,BB274,274 Demo Road,Docklands,Synthetic Bar 274,"274 Demo Road, Melbourne",147,144.9559388658254,-37.817405381971824,POINT (144.9559388658254 -37.817405381971824)
2024,43,BP275,BB275,275 Demo Road,Docklands,Synthetic Bar 275,"275 Demo Road, Melbourne",157,144.93999095997071,-37.80885629427484,POINT (144.93999095997071 -37.80885629427484)
2024,323,BP276,BB276,276 Demo Road,Docklands,Synthetic Bar 276,"276 Demo Road, Melbourne",69,144.95878510346677,-37.807627714595554,POINT (144.95878510346677 -37.807627714595554)
2024,186,BP277,BB277,277 Demo Road,Docklands,Synthetic Bar 277,"277 Demo Road, Melbourne",91,144.9432831644681,-37.8154598837534,POINT (144.9432831644681 -37.8154598837534)
2024,304,BP278,BB278,278 Demo Road,Docklands,Synthetic Bar 278,"278 Demo Road, Melbourne",264,144.95431410968718,-37.8086427577763,POINT (144.95431410968718 -37.8086427577763)
2024,587,BP279,BB279,279 Demo Road,Docklands,Synthetic Bar 279,"279 Demo Road, Melbourne",160,144.94747590638235,-37.80860287344855,POINT (144.94747590638235 -37.80860287344855)
2024,524,BP280,BB280,280 Demo Road,Docklands,Synthetic Bar 280,"280 Demo Road, Melbourne",106,144.9441149543508,-37.81529731572678,POINT (144.9441149543508 -37.81529731572678)
2024,473,BP281,BB281,281 Demo Road,Docklands,Synthetic Bar 281,"281 Demo Road, Melbourne",214,144.93434612198158,-37.818736610593625,POINT (144.93434612198158 -37.818736610593625)
2024,460,BP282,BB282,282 Demo Road,Docklands,Synthetic Bar 282,"282 Demo Road, Melbourne",274,144.94579904842848,-37.819104769991384,POINT (144.94579904842848 -37.819104769991384)
2024,323,BP283,BB283,283 Demo Road,Docklands,Synthetic Bar 283,"283 Demo Road, Melbourne",119,144.93608431735285,-37.81148096674847,POINT (144.93608431735285 -37.81148096674847)
2024,319,BP284,BB284,284 Demo Road,Docklands,Synthetic Bar 284,"284 Demo Road, Melbourne",296,144.9537710946509,-37.81003794078726,POINT (144.9537710946509 -37.81003794078726)
2024,589,BP285,BB285,285 Demo Road,Docklands,Synthetic Bar 285,"285 Demo Road, Melbourne",327,144.95761754859998,-37.816755154982744,POINT (144.95761754859998 -37.816755154982744)
2024,110,BP286,BB286,286 Demo Road,Docklands,Synthetic Bar 286,"286 Demo Road, Melbourne",225,144.94142162307492,-37.81184048795204,POINT (144.94142162307492 -37.81184048795204)
2024,64,BP287,BB287,287 Demo Road,Docklands,Synthetic Bar 287,"287 Demo Road, Melbourne",247,144.94911379519763,-37.808576777783166,POINT (144.94911379519763 -37.808576777783166)
2024,602,BP288,BB288,288 Demo Road,Docklands,Synthetic Bar 288,"288 Demo Road, Melbourne",56,144.94192225934594,-37.80829085571201,POINT (144.94192225934594 -37.80829085571201)
