census_year,block_id,property_id,base_property_id,building_address,clue_small_area,trading_name,business_address,industry_anzsic4_code,industry_anzsic4_description,seating_type,number_of_seats,longitude,latitude,location
2024,339,CP1,CB1,1 Demo Lane,Central,Synthetic Cafe 1,"1 Demo Lane, Melbourne",4511,Cafes and Restaurants,Seats - Outdoor,28,144.96884369932792,-37.8065725174392,POINT (144.96884369932792 -37.8065725174392)
2024,559,CP2,CB2,2 Demo Lane,Central,Synthetic Cafe 2,"2 Demo Lane, Melbourne",4511,Cafes and Restaurants,Seats - Outdoor,67,144.96034381179442,-37.80909478606761,POINT (144.96034381179442 -37.80909478606761)
2024,445,CP3,CB3,3 Demo Lane,Central,Synthetic Cafe 3,"3 Demo Lane, Melbourne",4511,Cafes and Restaurants,Seats - Outdoor,43,144.9667481707901,-37.80267612305412,POINT (144.9667481707901 -37.80267612305412)
2024,485,CP4,CB4,4 Demo Lane,Central,Synthetic Cafe 4,"4 Demo Lane, Melbourne",4511,Cafes and Restaurants,Seats - Indoor,48,144.96123912845658,-37.80921535185317,POINT (144.96123912845658 -37.80921535185317)
2024,315,CP5,CB5,5 Demo Lane,Central,Synthetic Cafe 5,"5 Demo Lane, Melbourne",4511,Cafes and Restaurants,Seats - Outdoor,55,144.9622772048287,-37.82303224153392,POINT (144.9622772048287 -37.82303224153392)
2024,300,CP6,CB6,6 Demo Lane,Central,Synthetic Cafe 6,"6 Demo Lane, Melbourne",4511,Cafes and Restaurants,Seats - Indoor,27,144.96890663329415,-37.81400171903739,POINT (144.96890663329415 -37.81400171903739)
2024,34,CP7,CB7,7 Demo Lane,Central,Synthetic Cafe 7,"7 Demo Lane, Melbourne",4511,Cafes and Restaurants,Seats - Indoor,106,144.9491485774026,-37.82063204315557,POINT (144.9491485774026 -37.82063204315557)
2024,511,CP8,CB8,8 Demo Lane,Central,Synthetic Cafe 8,"8 Demo Lane, Melbourne",4511,Cafes and Restaurants,Seats - Outdoor,20,144.95402469370347,-37.8167096790542,POINT (144.95402469370347 -37.8167096790542)
2024,48,CP9,CB9,9 Demo Lane,Central,Synthetic Cafe 9,"9 Demo Lane, Melbourne",4511,Cafes and Restaurants,Seats - Indoor,74,144.9527247022179,-37.80453262940034,POINT (144.9527247022179 -37.80453262940034)
2024,203,CP10,CB10,10 Demo Lane,Central,Synthetic Cafe 10,"10 Demo Lane, Melbourne",4511,Cafes and Restaurants,Seats - Indoor,33,144.94676468716105,-37.809774797134615,POINT (144.94676468716105 -37.809774797134615)
2024,443,CP11,CB11,11 Demo Lane,Central,Synthetic Cafe 11,"11 Demo Lane, Melbourne",4511,Cafes and Restaurants,Seats - Indoor,21,144.95835214891892,-37.817793582571475,POINT (144.95835214891892 -37.817793582571475)
2024,451,CP12,CB12,12 Demo Lane,Central,Synthetic Cafe 12,"12 Demo Lane, Melbourne",4511,Cafes and Restaurants,Seats - Outdoor,16,144.9683460372981,-37.81968230419864,POINT (144.9683460372981 -37.81968230419864)
2024,265,CP13,CB13,13 Demo Lane,Central,Synthetic Cafe 13,"13 Demo Lane, Melbourne",4511,Cafes and Restaurants,Seats - Outdoor,89,144.96110581153533,-37.81340330744274,POINT (144.96110581153533 -37.81340330744274)
2024,520,CP14,CB14,14 Demo Lane,Central,Synthetic Cafe 14,"14 Demo Lane, Melbourne",4511,Cafes and Restaurants,Seats - Indoor,54,144.9644845305736,-37.820899360896284,POINT (144.9644845305736 -37.820899360896284)
2024,430,CP15,CB15,15 Demo Lane,Central,Synthetic Cafe 15,"15 Demo Lane, Melbourne",4511,Cafes and Restaurants,Seats - Indoor,40,144.97072452247698,-37.81762684166438,POINT (144.97072452247698 -37.81762684166438)
2024,365,CP16,CB16,16 Demo Lane,Central,Synthetic Cafe 16,"16 Demo Lane, Melbourne",4511,Cafes and Restaurants,Seats - Outdoor,27,144.97239380292586,-37.811727943170695,POINT (144.97239380292586 -37.811727943170695)
2024,309,CP17,CB17,17 Demo Lane,Central,Synthetic Cafe 17,"17 Demo Lane, Melbourne",4511,Cafes and Restaurants,Seats - Indoor,67,144.96261603445691,-37.80666812778336,POINT (144.96261603445691 -37.80666812778336)
2024,581,CP18,CB18,18 Demo Lane,Central,Synthetic Cafe 18,"18 Demo Lane, Melbourne",4511,Cafes and Restaurants,Seats - Indoor,119,144.972575101227,-37.809947431166655,POINT (144.972575101227 -37.809947431166655)
2024,273,CP19,CB19,19 Demo Lane,Central,Synthetic Cafe 19,"19 Demo Lane, Melbourne",4511,Cafes and Restaurants,Seats - Outdoor,59,144.96374488660905,-37.82734773705159,POINT (144.96374488660905 -37.82734773705159)
2024,189,CP20,CB20,20 Demo Lane,Central,Synthetic Cafe 20,"20 Demo Lane, Melbourne",4511,Cafes and Restaurants,Seats - Outdoor,87,144.9572382124332,-37.81177379962582,POINT (144.9572382124332 -37.81177379962582)
2024,88,CP21,CB21,21 Demo Lane,Central,Synthetic Cafe 21,"21 Demo Lane, Melbourne",4511,Cafes and Restaurants,Seats - Outdoor,94,144.95893919753462,-37.813167798560606,POINT (144.95893919753462 -37.813167798560606)
2024,236,CP22,CB22,22 Demo Lane,Central,Synthetic Cafe 22,"22 Demo Lane, Melbourne",4511,Cafes and Restaurants,Seats - Outdoor,82,144.95273624441205,-37.811116658287766,POINT (144.95273624441205 -37.811116658287766)
2024,203,CP23,CB23,23 Demo Lane,Central,Synthetic Cafe 23,"23 Demo Lane, Melbourne",4511,Cafes and Restaurants,Seats - Indoor,85,144.95688306302387,-37.80390274191009,POINT (144.95688306302387 -37.80390274191009)
2024,127,CP24,CB24,24 Demo Lane,Central,Synthetic Cafe 24,"24 Demo Lane, Melbourne",4511,Cafes and Restaurants,Seats - Outdoor,70,144.96059388318346,-37.825979429660826,POINT (144.96059388318346 -37.825979429660826)
2024,283,CP25,CB25,25 Demo Lane,Central,Synthetic Cafe 25,"25 Demo Lane, Melbourne",4511,Cafes and Restaurants,Seats - Indoor,89,144.96872509513565,-37.81714662055115,POINT (144.96872509513565 -37.81714662055115)
2024,101,CP26,CB26,26 Demo Lane,Central,Synthetic Cafe 26,"26 Demo Lane, Melbourne",4511,Cafes and Restaurants,Seats - Indoor,102,144.97514538881816,-37.81005456206324,POINT (144.97514538881816 -37.81005456206324)
2024,558,CP27,CB27,27 Demo Lane,Central,Synthetic Cafe 27,"27 Demo Lane, Melbourne",4511,Cafes and Restaurants,Seats - Outdoor,115,144.95342472939237,-37.823089566396725,POINT (144.95342472939237 -37.823089566396725)
2024,337,CP28,CB28,28 Demo Lane,Central,Synthetic Cafe 28,"28 Demo Lane, Melbourne",4511,Cafes and Restaurants,Seats - Indoor,103,144.96584979227782,-37.80474430571168,POINT (144.96584979227782 -37.80474430571168)
2024,486,CP29,CB29,29 Demo Lane,Central,Synthetic Cafe 29,"29 Demo Lane, Melbourne",4511,Cafes and Restaurants,Seats - Outdoor,83,144.95581619242589,-37.8113898603238,POINT (144.95581619242589 -37.8113898603238)
2024,86,CP30,CB30,30 Demo Lane,Central,Synthetic Cafe 30,"30 Demo Lane, Melbourne",4511,Cafes and Restaurants,Seats - Outdoor,62,144.96642287961924,-37.80852049608494,POINT (144.96642287961924 -37.80852049608494)
2024,511,CP31,CB31,31 Demo Lane,Central,Synthetic Cafe 31,"31 Demo Lane, Melbourne",4511,Cafes and Restaurants,Seats - Indoor,49,144.96218239344518,-37.81702566196913,POINT (144.96218239344518 -37.81702566196913)
2024,49,CP32,CB32,32 Demo Lane,Central,Synthetic Cafe 32,"32 Demo Lane, Melbourne",4511,Cafes and Restaurants,Seats - Outdoor,94,144.95028365921905,-37.8087174178602,POINT (144.95028365921905 -37.8087174178602)
2024,25,CP33,CB33,33 Demo Lane,Central,Synthetic Cafe 33,"33 Demo Lane, Melbourne",4511,Cafes and Restaurants,Seats - Indoor,65,144.96959807894098,-37.80718917066407,POINT (144.96959807894098 -37.80718917066407)
2024,285,CP34,CB34,34 Demo Lane,Central,Synthetic Cafe 34,"34 Demo Lane, Melbourne",4511,Cafes and Restaurants,Seats - Outdoor,30,144.95886499501034,-37.812202731879175,POINT (144.95886499501034 -37.812202731879175)
2024,186,CP35,CB35,35 Demo Lane,Central,Synthetic Cafe 35,"35 Demo Lane, Melbourne",4511,Cafes and Restaurants,Seats - Indoor,40,144.95936269833138,-37.81219359464381,POINT (144.95936269833138 -37.81219359464381)
2024,550,CP36,CB36,36 Demo Lane,Central,Synthetic Cafe 36,"36 Demo Lane, Melbourne",4511,Cafes and Restaurants,Seats - Outdoor,19,144.95561173312097,-37.81197794056431,POINT (144.95561173312097 -37.81197794056431)
2024,384,CP37,CB37,37 Demo Lane,Central,Synthetic Cafe 37,"37 Demo Lane, Melbourne",4511,Cafes and Restaurants,Seats - Indoor,35,144.9585200170632,-37.818780071588435,POINT (144.9585200170632 -37.818780071588435)
2024,177,CP38,CB38,38 Demo Lane,Central,Synthetic Cafe 38,"38 Demo Lane, Melbourne",4511,Cafes and Restaurants,Seats - Indoor,66,144.96609523308487,-37.81448517208144,POINT (144.96609523308487 -37.81448517208144)
2024,604,CP39,CB39,39 Demo Lane,Central,Synthetic Cafe 39,"39 Demo Lane, Melbourne",4511,Cafes and Restaurants,Seats - Outdoor,90,144.96177528961346,-37.81451513519472,POINT (144.96177528961346 -37.81451513519472)
2024,299,CP40,CB40,40 Demo Lane,Central,Synthetic Cafe 40,"40 Demo Lane, Melbourne",4511,Cafes and Restaurants,Seats - Indoor,23,144.96540063401596,-37.81129963681388,POINT (144.96540063401596 -37.81129963681388)
2024,163,CP41,CB41,41 Demo Lane,Central,Synthetic Cafe 41,"41 Demo Lane, Melbourne",4511,Cafes and Restaurants,Seats - Indoor,103,144.9656334529775,-37.80760105451854,POINT (144.9656334529775 -37.80760105451854)
2024,512,CP42,CB42,42 Demo Lane,Central,Synthetic Cafe 42,"42 Demo Lane, Melbourne",4511,Cafes and Restaurants,Seats - Outdoor,81,144.9723446315887,-37.81995121649187,POINT (144.9723446315887 -37.81995121649187)
2024,338,CP43,CB43,43 Demo Lane,Central,Synthetic Cafe 43,"43 Demo Lane, Melbourne",4511,Cafes and Restaurants,Seats - Outdoor,57,144.96070049694396,-37.814350054181915,POINT (144.96070049694396 -37.814350054181915)
2024,407,CP44,CB44,44 Demo Lane,Central,Synthetic Cafe 44,"44 Demo Lane, Melbourne",4511,Cafes and Restaurants,Seats - Outdoor,95,144.9527619952821,-37.804711266714044,POINT (144.9527619952821 -37.804711266714044)
2024,372,CP45,CB45,45 Demo Lane,Central,Synthetic Cafe 45,"45 Demo Lane, Melbourne",4511,Cafes and Restaurants,Seats - Indoor,91,144.970570556916,-37.818061529372876,POINT (144.970570556916 -37.818061529372876)
2024,223,CP46,CB46,46 Demo Lane,Central,Synthetic Cafe 46,"46 Demo Lane, Melbourne",4511,Cafes and Restaurants,Seats - Outdoor,71,144.9607795827953,-37.81853350010374,POINT (144.9607795827953 -37.81853350010374)
2024,534,CP47,CB47,47 Demo Lane,Central,Synthetic Cafe 47,"47 Demo Lane, Melbourne",4511,Cafes and Restaurants,Seats - Indoor,112,144.97090214711204,-37.812386162849016,POINT (144.97090214711204 -37.812386162849016)
2024,512,CP48,CB48,48 Demo Lane,Central,Synthetic Cafe 48,"48 Demo Lane, Melbourne",4511,Cafes and Restaurants,Seats - Indoor,65,144.96578363979228,-37.80853368885709,POINT (144.96578363979228 -37.80853368885709)
2024,322,CP49,CB49,49 Demo Lane,Central,Synthetic Cafe 49,"49 Demo Lane, Melbourne",4511,Cafes and Restaurants,Seats - Outdoor,87,144.96218203728858,-37.81353144366664,POINT (144.96218203728858 -37.81353144366664)
2024,517,CP50,CB50,50 Demo Lane,Central,Synthetic Cafe 50,"50 Demo Lane, Melbourne",4511,Cafes and Restaurants,Seats - Indoor,68,144.96554143125832,-37.80562623645738,POINT (144.96554143125832 -37.80562623645738)
2024,262,CP51,CB51,51 Demo Lane,Central,Synthetic Cafe 51,"51 Demo Lane, Melbourne",4511,Cafes and Restaurants,Seats - Outdoor,47,144.97675708792087,-37.8084592361046,POINT (144.97675708792087 -37.8084592361046)
2024,356,CP52,CB52,52 Demo Lane,Central,Synthetic Cafe 52,"52 Demo Lane, Melbourne",4511,Cafes and Restaurants,Seats - Indoor,104,144.97763886370336,-37.80854907959866,POINT (144.97763886370336 -37.80854907959866)
2024,233,CP53,CB53,53 Demo Lane,Central,Synthetic Cafe 53,"53 Demo Lane, Melbourne",4511,Cafes and Restaurants,Seats - Indoor,76,144.96358566794592,-37.81027530099205,POINT (144.96358566794592 -37.81027530099205)
2024,303,CP54,CB54,54 Demo Lane,Central,Synthetic Cafe 54,"54 Demo Lane, Melbourne",4511,Cafes and Restaurants,Seats - Outdoor,70,144.96422133415322,-37.799634081397926,POINT (144.96422133415322 -37.799634081397926)
2024,314,CP55,CB55,55 Demo Lane,Central,Synthetic Cafe 55,"55 Demo Lane, Melbourne",4511,Cafes and Restaurants,Seats - Indoor,17,144.97063368110227,-37.814830970133194,POINT (144.97063368110227 -37.814830970133194)
2024,242,CP56,CB56,56 Demo Lane,Central,Synthetic Cafe 56,"56 Demo Lane, Melbourne",4511,Cafes and Restaurants,Seats - Outdoor,111,144.95718037277064,-37.8256211337524,POINT (144.95718037277064 -37.8256211337524)
2024,382,CP57,CB57,57 Demo Lane,Central,Synthetic Cafe 57,"57 Demo Lane, Melbourne",4511,Cafes and Restaurants,Seats - Outdoor,56,144.96543149260833,-37.8039744738309,POINT (144.96543149260833 -37.8039744738309)
2024,108,CP58,CB58,58 Demo Lane,Central,Synthetic Cafe 58,"58 Demo Lane, Melbourne",4511,Cafes and Restaurants,Seats - Indoor,50,144.96291896006431,-37.81634619658574,POINT (144.96291896006431 -37.81634619658574)
2024,192,CP59,CB59,59 Demo Lane,Central,Synthetic Cafe 59,"59 Demo Lane, Melbourne",4511,Cafes and Restaurants,Seats - Indoor,42,144.9652973574802,-37.81295271733394,POINT (144.9652973574802 -37.81295271733394)
2024,16,CP60,CB60,60 Demo Lane,Central,Synthetic Cafe 60,"60 Demo Lane, Melbourne",4511,Cafes and Restaurants,Seats - Outdoor,112,144.95726641835836,-37.805742695890835,POINT (144.95726641835836 -37.805742695890835)
2024,419,CP61,CB61,61 Demo Lane,Central,Synthetic Cafe 61,"61 Demo Lane, Melbourne",4511,Cafes and Restaurants,Seats - Indoor,59,144.95197302754684,-37.823213557246355,POINT (144.95197302754684 -37.823213557246355)
2024,187,CP62,CB62,62 Demo Lane,Central,Synthetic Cafe 62,"62 Demo Lane, Melbourne",4511,Cafes and Restaurants,Seats - Indoor,77,144.94858911594807,-37.821109883284635,POINT (144.94858911594807 -37.821109883284635)
2024,344,CP63,CB63,63 Demo Lane,Central,Synthetic Cafe 63,"63 Demo Lane, Melbourne",4511,Cafes and Restaurants,Seats - Indoor,58,144.95527831120907,-37.82320766762271,POINT (144.95527831120907 -37.82320766762271)
2024,169,CP64,CB64,64 Demo Lane,Central,Synthetic Cafe 64,"64 Demo Lane, Melbourne",4511,Cafes and Restaurants,Seats - Indoor,88,144.95988927300542,-37.818364817740154,POINT (144.95988927300542 -37.818364817740154)
2024,319,CP65,CB65,65 Demo Lane,Central,Synthetic Cafe 65,"65 Demo Lane, Melbourne",4511,Cafes and Restaurants,Seats - Outdoor,89,144.96104765889345,-37.8109621803639,POINT (144.96104765889345 -37.8109621803639)
2024,595,CP66,CB66,66 Demo Lane,Central,Synthetic Cafe 66,"66 Demo Lane, Melbourne",4511,Cafes and Restaurants,Seats - Outdoor,80,144.976660618137,-37.810454872943126,POINT (144.976660618137 -37.810454872943126)
2024,533,CP67,CB67,67 Demo Lane,Central,Synthetic Cafe 67,"67 Demo Lane, Melbourne",4511,Cafes and Restaurants,Seats - Indoor,118,144.97084195358934,-37.81194235492403,POINT (144.97084195358934 -37.81194235492403)
2024,462,CP68,CB68,68 Demo Lane,Central,Synthetic Cafe 68,"68 Demo Lane, Melbourne",4511,Cafes and Restaurants,Seats - Outdoor,109,144.9563653621856,-37.82207659530336,POINT (144.9563653621856 -37.82207659530336)
2024,313,CP69,CB69,69 Demo Lane,Central,Synthetic Cafe 69,"69 Demo Lane, Melbourne",4511,Cafes and Restaurants,Seats - Outdoor,44,144.96553395916715,-37.827460620619796,POINT (144.96553395916715 -37.827460620619796)
2024,584,CP70,CB70,70 Demo Lane,Central,Synthetic Cafe 70,"70 Demo Lane, Melbourne",4511,Cafes and Restaurants,Seats - Outdoor,97,144.96025045234555,-37.81327387848766,POINT (144.96025045234555 -37.81327387848766)
2024,280,CP71,CB71,71 Demo Lane,Central,Synthetic Cafe 71,"71 Demo Lane, Melbourne",4511,Cafes and Restaurants,Seats - Outdoor,22,144.96110945313373,-37.81643065620183,POINT (144.96110945313373 -37.81643065620183)
2024,70,CP72,CB72,72 Demo Lane,Central,Synthetic Cafe 72,"72 Demo Lane, Melbourne",4511,Cafes and Restaurants,Seats - Outdoor,91,144.9643972795459,-37.810843685369704,POINT (144.9643972795459 -37.810843685369704)
2024,491,CP73,CB73,73 Demo Lane,Central,Synthetic Cafe 73,"73 Demo Lane, Melbourne",4511,Cafes and Restaurants,Seats - Indoor,83,144.96743419781882,-37.80938827824267,POINT (144.96743419781882 -37.80938827824267)
2024,336,CP74,CB74,74 Demo Lane,Central,Synthetic Cafe 74,"74 Demo Lane, Melbourne",4511,Cafes and Restaurants,Seats - Outdoor,83,144.9607251906128,-37.81277055140765,POINT (144.9607251906128 -37.81277055140765)
2024,253,CP75,CB75,75 Demo Lane,Central,Synthetic Cafe 75,"75 Demo Lane, Melbourne",4511,Cafes and Restaurants,Seats - Outdoor,26,144.97054696072914,-37.80903920148774,POINT (144.97054696072914 -37.80903920148774)
2024,597,CP76,CB76,76 Demo Lane,Central,Synthetic Cafe 76,"76 Demo Lane, Melbourne",4511,Cafes and Restaurants,Seats - Indoor,45,144.955106432417,-37.81222473175531,POINT (144.955106432417 -37.81222473175531)
2024,498,CP77,CB77,77 Demo Lane,Central,Synthetic Cafe 77,"77 Demo Lane, Melbourne",4511,Cafes and Restaurants,Seats - Outdoor,116,144.96314437343653,-37.81041961176639,POINT (144.96314437343653 -37.81041961176639)
2024,455,CP78,CB78,78 Demo Lane,Central,Synthetic Cafe 78,"78 Demo Lane, Melbourne",4511,Cafes and Restaurants,Seats - Outdoor,51,144.98128371608618,-37.81782803957722,POINT (144.98128371608618 -37.81782803957722)
2024,3,CP79,CB79,79 Demo Lane,Central,Synthetic Cafe 79,"79 Demo Lane, Melbourne",4511,Cafes and Restaurants,Seats - Indoor,46,144.96466155819837,-37.81467766848299,POINT (144.96466155819837 -37.81467766848299)
2024,25,CP80,CB80,80 Demo Lane,Central,Synthetic Cafe 80,"80 Demo Lane, Melbourne",4511,Cafes and Restaurants,Seats - Outdoor,96,144.97313250154625,-37.81241934342006,POINT (144.97313250154625 -37.81241934342006)
2024,95,CP117,CB117,117 Demo Lane,North,Synthetic Cafe 117,"117 Demo Lane, Melbourne",4511,Cafes and Restaurants,Seats - Indoor,103,144.9602480856489,-37.80247036390715,POINT (144.9602480856489 -37.80247036390715)
2024,530,CP118,CB118,118 Demo Lane,North,Synthetic Cafe 118,"118 Demo Lane, Melbourne",4511,Cafes and Restaurants,Seats - Outdoor,41,144.96658015904168,-37.80718488232163,POINT (144.96658015904168 -37.80718488232163)
2024,376,CP119,CB119,119 Demo Lane,North,Synthetic Cafe 119,"119 Demo Lane, Melbourne",4511,Cafes and Restaurants,Seats - Outdoor,34,144.9644051470728,-37.801341727247284,POINT (144.9644051470728 -37.801341727247284)
2024,336,CP120,CB120,120 Demo Lane,North,Synthetic Cafe 120,"120 Demo Lane, Melbourne",4511,Cafes and Restaurants,Seats - Outdoor,56,144.9593945246599,-37.79470495827135,POINT (144.9593945246599 -37.79470495827135)
2024,456,CP121,CB121,121 Demo Lane,North,Synthetic Cafe 121,"121 Demo Lane, Melbourne",4511,Cafes and Restaurants,Seats - Outdoor,70,144.98084128955603,-37.806855752896695,POINT (144.98084128955603 -37.806855752896695)
2024,440,CP122,CB122,122 Demo Lane,North,Synthetic Cafe 122,"122 Demo Lane, Melbourne",4511,Cafes and Restaurants,Seats - Outdoor,74,144.9789961788145,-37.80646344930353,POINT (144.9789961788145 -37.80646344930353)
2024,163,CP123,CB123,123 Demo Lane,North,Synthetic Cafe 123,"123 Demo Lane, Melbourne",4511,Cafes and Restaurants,Seats - Outdoor,90,144.9744523407849,-37.79764870624436,POINT (144.9744523407849 -37.79764870624436)
2024,596,CP124,CB124,124 Demo Lane,North,Synthetic Cafe 124,"124 Demo Lane, Melbourne",4511,Cafes and Restaurants,Seats - Indoor,59,144.96005404721532,-37.80232921669439,POINT (144.96005404721532 -37.80232921669439)
2024,561,CP125,CB125,125 Demo Lane,North,Synthetic Cafe 125,"125 Demo Lane, Melbourne",4511,Cafes and Restaurants,Seats - Outdoor,113,144.9724851352701,-37.797115091855744,POINT (144.9724851352701 -37.797115091855744)
2024,8,CP126,CB126,126 Demo Lane,North,Synthetic Cafe 126,"126 Demo Lane, Melbourne",4511,Cafes and Restaurants,Seats - Indoor,98,144.97097738486647,-37.80108188075077,POINT (144.97097738486647 -37.80108188075077)
2024,218,CP127,CB127,127 Demo Lane,North,Synthetic Cafe 127,"127 Demo Lane, Melbourne",4511,Cafes and Restaurants,Seats - Outdoor,59,144.96959781936943,-37.796790018111466,POINT (144.96959781936943 -37.796790018111466)
2024,248,CP128,CB128,128 Demo Lane,North,Synthetic Cafe 128,"128 Demo Lane, Melbourne",4511,Cafes and Restaurants,Seats - Outdoor,24,144.9752476568693,-37.80721046868425,POINT (144.9752476568693 -37.80721046868425)
2024,468,CP129,CB129,129 Demo Lane,North,Synthetic Cafe 129,"129 Demo Lane, Melbourne",4511,Cafes and Restaurants,Seats - Outdoor,84,144.97094759800004,-37.801072507904735,POINT (144.97094759800004 -37.801072507904735)
2024,240,CP130,CB130,130 Demo Lane,North,Synthetic Cafe 130,"130 Demo Lane, Melbourne",4511,Cafes and Restaurants,Seats - Indoor,86,144.97168009965412,-37.80226414008618,POINT (144.97168009965412 -37.80226414008618)
2024,285,CP131,CB131,131 Demo Lane,North,Synthetic Cafe 131,"131 Demo Lane, Melbourne",4511,Cafes and Restaurants,Seats - Indoor,52,144.9709583439836,-37.80829534554463,POINT (144.9709583439836 -37.80829534554463)
2024,583,CP132,CB132,132 Demo Lane,North,Synthetic Cafe 132,"132 Demo Lane, Melbourne",4511,Cafes and Restaurants,Seats - Indoor,33,144.96888553985602,-37.810380867687215,POINT (144.96888553985602 -37.810380867687215)
2024,414,CP133,CB133,133 Demo Lane,North,Synthetic Cafe 133,"133 Demo Lane, Melbourne",4511,Cafes and Restaurants,Seats - Indoor,111,144.95401472209198,-37.79688550578835,POINT (144.95401472209198 -37.79688550578835)
2024,521,CP134,CB134,134 Demo Lane,North,Synthetic Cafe 134,"134 Demo Lane, Melbourne",4511,Cafes and Restaurants,Seats - Outdoor,110,144.96708534754188,-37.80310571429331,POINT (144.96708534754188 -37.80310571429331)
2024,148,CP135,CB135,135 Demo Lane,North,Synthetic Cafe 135,"135 Demo Lane, Melbourne",4511,Cafes and Restaurants,Seats - Indoor,50,144.96260665628805,-37.80713368168988,POINT (144.96260665628805 -37.80713368168988)
2024,285,CP136,CB136,136 Demo Lane,North,Synthetic Cafe 136,"136 Demo Lane, Melbourne",4511,Cafes and Restaurants,Seats - Outdoor,92,144.95754111329651,-37.801577073621544,POINT (144.95754111329651 -37.801577073621544)
2024,391,CP137,CB137,137 Demo Lane,North,Synthetic Cafe 137,"137 Demo Lane, Melbourne",4511,Cafes and Restaurants,Seats - Outdoor,82,144.9782727163351,-37.794231886855904,POINT (144.9782727163351 -37.794231886855904)
2024,230,CP138,CB138,138 Demo Lane,North,Synthetic Cafe 138,"138 Demo Lane, Melbourne",4511,Cafes and Restaurants,Seats - Indoor,69,144.9786029673862,-37.81468442707224,POINT (144.9786029673862 -37.81468442707224)
2024,54,CP139,CB139,139 Demo Lane,North,Synthetic Cafe 139,"139 Demo Lane, Melbourne",4511,Cafes and Restaurants,Seats - Outdoor,83,144.97601454420206,-37.80997983213942,POINT (144.97601454420206 -37.80997983213942)
2024,444,CP140,CB140,140 Demo Lane,North,Synthetic Cafe 140,"140 Demo Lane, Melbourne",4511,Cafes and Restaurants,Seats - Outdoor,97,144.968286493918,-37.80653731865137,POINT (144.968286493918 -37.80653731865137)
2024,576,CP141,CB141,141 Demo Lane,North,Synthetic Cafe 141,"141 Demo Lane, Melbourne",4511,Cafes and Restaurants,Seats - Outdoor,61,144.97595437584667,-37.79223292679968,POINT (144.97595437584667 -37.79223292679968)
2024,64,CP142,CB142,142 Demo Lane,North,Synthetic Cafe 142,"142 Demo Lane, Melbourne",4511,Cafes and Restaurants,Seats - Outdoor,109,144.9665843722642,-37.799304478102485,POINT (144.9665843722642 -37.799304478102485)
2024,424,CP143,CB143,143 Demo Lane,North,Synthetic Cafe 143,"143 Demo Lane, Melbourne",4511,Cafes and Restaurants,Seats - Outdoor,105,144.9679195809383,-37.79639609655723,POINT (144.9679195809383 -37.79639609655723)
2024,484,CP144,CB144,144 Demo Lane,North,Synthetic Cafe 144,"144 Demo Lane, Melbourne",4511,Cafes and Restaurants,Seats - Outdoor,25,144.95884570040675,-37.80784096551476,POINT (144.95884570040675 -37.80784096551476)
2024,2,CP145,CB145,145 Demo Lane,North,Synthetic Cafe 145,"145 Demo Lane, Melbourne",4511,Cafes and Restaurants,Seats - Indoor,60,144.9692789391315,-37.80771721525163,POINT (144.9692789391315 -37.80771721525163)
2024,451,CP146,CB146,146 Demo Lane,North,Synthetic Cafe 146,"146 Demo Lane, Melbourne",4511,Cafes and Restaurants,Seats - Indoor,17,144.96692270149896,-37.798313117699664,POINT (144.96692270149896 -37.798313117699664)
2024,128,CP147,CB147,147 Demo Lane,North,Synthetic Cafe 147,"147 Demo Lane, Melbourne",4511,Cafes and Restaurants,Seats - Outdoor,118,144.95738143518216,-37.80065035401439,POINT (144.95738143518216 -37.80065035401439)
2024,229,CP148,CB148,148 Demo Lane,North,Synthetic Cafe 148,"148 Demo Lane, Melbourne",4511,Cafes and Restaurants,Seats - Outdoor,90,144.9661416202173,-37.79770756708682,POINT (144.9661416202173 -37.79770756708682)
2024,565,CP149,CB149,149 Demo Lane,North,Synthetic Cafe 149,"149 Demo Lane, Melbourne",4511,Cafes and Restaurants,Seats - Outdoor,81,144.96594189305299,-37.802126025945576,POINT (144.96594189305299 -37.802126025945576)
2024,240,CP150,CB150,150 Demo Lane,North,Synthetic Cafe 150,"150 Demo Lane, Melbourne",4511,Cafes and Restaurants,Seats - Outdoor,48,144.97908292816652,-37.799331137641275,POINT (144.97908292816652 -37.799331137641275)
2024,211,CP151,CB151,151 Demo Lane,North,Synthetic Cafe 151,"151 Demo Lane, Melbourne",4511,Cafes and Restaurants,Seats - Outdoor,74,144.97275949329958,-37.80005128549057,POINT (144.97275949329958 -37.80005128549057)
2024,353,CP152,CB152,152 Demo Lane,North,Synthetic Cafe 152,"152 Demo Lane, Melbourne",4511,Cafes and Restaurants,Seats - Indoor,57,144.96658011807364,-37.79633339566549,POINT (144.96658011807364 -37.79633339566549)
2024,7,CP153,CB153,153 Demo Lane,North,Synthetic Cafe 153,"153 Demo Lane, Melbourne",4511,Cafes and Restaurants,Seats - Outdoor,75,144.9682415111686,-37.796157950308334,POINT (144.9682415111686 -37.796157950308334)
2024,567,CP154,CB154,154 Demo Lane,North,Synthetic Cafe 154,"154 Demo Lane, Melbourne",4511,Cafes and Restaurants,Seats - Outdoor,64,144.96680948664672,-37.81071923196635,POINT (144.96680948664672 -37.81071923196635)
2024,42,CP155,CB155,155 Demo Lane,North,Synthetic Cafe 155,"155 Demo Lane, Melbourne",4511,Cafes and Restaurants,Seats - Indoor,50,144.9650796021064,-37.814483611332044,POINT (144.9650796021064 -37.814483611332044)
2024,229,CP156,CB156,156 Demo Lane,North,Synthetic Cafe 156,"156 Demo Lane, Melbourne",4511,Cafes and Restaurants,Seats - Indoor,56,144.95892300961827,-37.79498952761409,POINT (144.95892300961827 -37.79498952761409)
2024,466,CP157,CB157,157 Demo Lane,North,Synthetic Cafe 157,"157 Demo Lane, Melbourne",4511,Cafes and Restaurants,Seats - Indoor,49,144.96544263685675,-37.79387364944043,POINT (144.96544263685675 -37.79387364944043)
2024,99,CP158,CB158,158 Demo Lane,North,Synthetic Cafe 158,"158 Demo Lane, Melbourne",4511,Cafes and Restaurants,Seats - Indoor,86,144.96127731220344,-37.807123738117085,POINT (144.96127731220344 -37.807123738117085)
2024,29,CP159,CB159,159 Demo Lane,North,Synthetic Cafe 159,"159 Demo Lane, Melbourne",4511,Cafes and Restaurants,Seats - Indoor,17,144.95774779122755,-37.812159012439274,POINT (144.95774779122755 -37.812159012439274)
2024,579,CP160,CB160,160 Demo Lane,North,Synthetic Cafe 160,"160 Demo Lane, Melbourne",4511,Cafes and Restaurants,Seats - Outdoor,40,144.97007855270184,-37.800405791073956,POINT (144.97007855270184 -37.800405791073956)
2024,121,CP161,CB161,161 Demo Lane,North,Synthetic Cafe 161,"161 Demo Lane, Melbourne",4511,Cafes and Restaurants,Seats - Indoor,64,144.96923885261953,-37.7954149706419,POINT (144.96923885261953 -37.7954149706419)
2024,457,CP162,CB162,162 Demo Lane,North,Synthetic Cafe 162,"162 Demo Lane, Melbourne",4511,Cafes and Restaurants,Seats - Outdoor,107,144.95399304742043,-37.7902144328654,POINT (144.95399304742043 -37.7902144328654)
2024,209,CP163,CB163,163 Demo Lane,North,Synthetic Cafe 163,"163 Demo Lane, Melbourne",4511,Cafes and Restaurants,Seats - Indoor,65,144.96564120753754,-37.797902214567394,POINT (144.96564120753754 -37.797902214567394)
2024,123,CP164,CB164,164 Demo Lane,North,Synthetic Cafe 164,"164 Demo Lane, Melbourne",4511,Cafes and Restaurants,Seats - Outdoor,34,144.9734699097013,-37.803230300179514,POINT (144.9734699097013 -37.803230300179514)
2024,528,CP191,CB191,191 Demo Lane,Southwest,Synthetic Cafe 191,"191 Demo Lane, Melbourne",4511,Cafes and Restaurants,Seats - Indoor,95,144.9447849931992,-37.82463418989342,POINT (144.9447849931992 -37.82463418989342)
2024,85,CP192,CB192,192 Demo Lane,Southwest,Synthetic Cafe 192,"192 Demo Lane, Melbourne",4511,Cafes and Restaurants,Seats - Indoor,44,144.95710637200824,-37.8204849524584,POINT (144.95710637200824 -37.8204849524584)
2024,171,CP193,CB193,193 Demo Lane,Southwest,Synthetic Cafe 193,"193 Demo Lane, Melbourne",4511,Cafes and Restaurants,Seats - Outdoor,111,144.960649081647,-37.84008356625512,POINT (144.960649081647 -37.84008356625512)
2024,552,CP194,CB194,194 Demo Lane,Southwest,Synthetic Cafe 194,"194 Demo Lane, Melbourne",4511,Cafes and Restaurants,Seats - Outdoor,36,144.95812070516195,-37.82020268558169,POINT (144.95812070516195 -37.82020268558169)
2024,583,CP195,CB195,195 Demo Lane,Southwest,Synthetic Cafe 195,"195 Demo Lane, Melbourne",4511,Cafes and Restaurants,Seats - Outdoor,72,144.95992387038632,-37.84439047695129,POINT (144.95992387038632 -37.84439047695129)
2024,426,CP196,CB196,196 Demo Lane,Southwest,Synthetic Cafe 196,"196 Demo Lane, Melbourne",4511,Cafes and Restaurants,Seats - Outdoor,115,144.94567011631335,-37.83284078044443,POINT (144.94567011631335 -37.83284078044443)
2024,353,CP197,CB197,197 Demo Lane,Southwest,Synthetic Cafe 197,"197 Demo Lane, Melbourne",4511,Cafes and Restaurants,Seats - Outdoor,93,144.95781728108497,-37.819789388394355,POINT (144.95781728108497 -37.819789388394355)
2024,155,CP198,CB198,198 Demo Lane,Southwest,Synthetic Cafe 198,"198 Demo Lane, Melbourne",4511,Cafes and Restaurants,Seats - Indoor,80,144.95338166168372,-37.8196348239764,POINT (144.95338166168372 -37.8196348239764)
2024,39,CP199,CB199,199 Demo Lane,Southwest,Synthetic Cafe 199,"199 Demo Lane, Melbourne",4511,Cafes and Restaurants,Seats - Indoor,90,144.95212046888892,-37.82947457268084,POINT (144.95212046888892 -37.82947457268084)
2024,592,CP200,CB200,200 Demo Lane,Southwest,Synthetic Cafe 200,"200 Demo Lane, Melbourne",4511,Cafes and Restaurants,Seats - Outdoor,56,144.96159388926594,-37.82677261225127,POINT (144.96159388926594 -37.82677261225127)
2024,267,CP201,CB201,201 Demo Lane,Southwest,Synthetic Cafe 201,"201 Demo Lane, Melbourne",4511,Cafes and Restaurants,Seats - Outdoor,72,144.96585492157473,-37.81427675406832,POINT (144.96585492157473 -37.81427675406832)
2024,15,CP202,CB202,202 Demo Lane,Southwest,Synthetic Cafe 202,"202 Demo Lane, Melbourne",4511,Cafes and Restaurants,Seats - Outdoor,57,144.9680605903822,-37.825404180789434,POINT (144.9680605903822 -37.825404180789434)
2024,425,CP203,CB203,203 Demo Lane,Southwest,Synthetic Cafe 203,"203 Demo Lane, Melbourne",4511,Cafes and Restaurants,Seats - Outdoor,116,144.96470365510055,-37.80904247812558,POINT (144.96470365510055 -37.80904247812558)
2024,370,CP204,CB204,204 Demo Lane,Southwest,Synthetic Cafe 204,"204 Demo Lane, Melbourne",4511,Cafes and Restaurants,Seats - Indoor,61,144.9547318607286,-37.822511519119054,POINT (144.9547318607286 -37.822511519119054)
2024,107,CP205,CB205,205 Demo Lane,Southwest,Synthetic Cafe 205,"205 Demo Lane, Melbourne",4511,Cafes and Restaurants,Seats - Outdoor,103,144.95796904114118,-37.82005178293871,POINT (144.95796904114118 -37.82005178293871)
2024,518,CP206,CB206,206 Demo Lane,Southwest,Synthetic Cafe 206,"206 Demo Lane, Melbourne",4511,Cafes and Restaurants,Seats - Indoor,48,144.9608677601025,-37.81279875360901,POINT (144.9608677601025 -37.81279875360901)
2024,520,CP207,CB207,207 Demo Lane,Southwest,Synthetic Cafe 207,"207 Demo Lane, Melbourne",4511,Cafes and Restaurants,Seats - Outdoor,88,144.9563482456451,-37.82171383730284,POINT (144.9563482456451 -37.82171383730284)
2024,297,CP208,CB208,208 Demo Lane,Southwest,Synthetic Cafe 208,"208 Demo Lane, Melbourne",4511,Cafes and Restaurants,Seats - Indoor,81,144.9564153493154,-37.82851406388414,POINT (144.9564153493154 -37.82851406388414)
2024,493,CP209,CB209,209 Demo Lane,Southwest,Synthetic Cafe 209,"209 Demo Lane, Melbourne",4511,Cafes and Restaurants,Seats - Indoor,99,144.96126627192314,-37.82315836471017,POINT (144.96126627192314 -37.82315836471017)
2024,148,CP210,CB210,210 Demo Lane,Southwest,Synthetic Cafe 210,"210 Demo Lane, Melbourne",4511,Cafes and Restaurants,Seats - Indoor,110,144.95508502147783,-37.82271366441714,POINT (144.95508502147783 -37.82271366441714)
2024,579,CP211,CB211,211 Demo Lane,Southwest,Synthetic Cafe 211,"211 Demo Lane, Melbourne",4511,Cafes and Restaurants,Seats - Outdoor,48,144.9503949914454,-37.830688449913204,POINT (144.9503949914454 -37.830688449913204)
2024,512,CP212,CB212,212 Demo Lane,Southwest,Synthetic Cafe 212,"212 Demo Lane, Melbourne",4511,Cafes and Restaurants,Seats - Outdoor,117,144.95259868853915,-37.82403499242804,POINT (144.95259868853915 -37.82403499242804)
2024,13,CP213,CB213,213 Demo Lane,Southwest,Synthetic Cafe 213,"213 Demo Lane, Melbourne",4511,Cafes and Restaurants,Seats - Outdoor,119,144.95993737264413,-37.82695315256398,POINT (144.95993737264413 -37.82695315256398)
2024,464,CP214,CB214,214 Demo Lane,Southwest,Synthetic Cafe 214,"214 Demo Lane, Melbourne",4511,Cafes and Restaurants,Seats - Indoor,95,144.9555209530384,-37.81695385345687,POINT (144.9555209530384 -37.81695385345687)
2024,64,CP215,CB215,215 Demo Lane,Southwest,Synthetic Cafe 215,"215 Demo Lane, Melbourne",4511,Cafes and Restaurants,Seats - Indoor,80,144.95788146983807,-37.822292328754884,POINT (144.95788146983807 -37.822292328754884)
2024,277,CP216,CB216,216 Demo Lane,Southwest,Synthetic Cafe 216,"216 Demo Lane, Melbourne",4511,Cafes and Restaurants,Seats - Outdoor,40,144.96019055469543,-37.82419677449489,POINT (144.96019055469543 -37.82419677449489)
2024,368,CP217,CB217,217 Demo Lane,Southwest,Synthetic Cafe 217,"217 Demo Lane, Melbourne",4511,Cafes and Restaurants,Seats - Outdoor,81,144.95287610975973,-37.82313709158373,POINT (144.95287610975973 -37.82313709158373)
2024,176,CP218,CB218,218 Demo Lane,Southwest,Synthetic Cafe 218,"218 Demo Lane, Melbourne",4511,Cafes and Restaurants,Seats - Indoor,42,144.96079373714542,-37.82116126788956,POINT (144.96079373714542 -37.82116126788956)
2024,280,CP219,CB219,219 Demo Lane,Southwest,Synthetic Cafe 219,"219 Demo Lane, Melbourne",4511,Cafes and Restaurants,Seats - Outdoor,53,144.9581518982242,-37.81879911480186,POINT (144.9581518982242 -37.81879911480186)
2024,249,CP220,CB220,220 Demo Lane,Southwest,Synthetic Cafe 220,"220 Demo Lane, Melbourne",4511,Cafes and Restaurants,Seats - Indoor,37,144.94685630839163,-37.82849827337201,POINT (144.94685630839163 -37.82849827337201)
2024,399,CP221,CB221,221 Demo Lane,Southwest,Synthetic Cafe 221,"221 Demo Lane, Melbourne",4511,Cafes and Restaurants,Seats - Outdoor,45,144.9655961335383,-37.82874952579573,POINT (144.9655961335383 -37.82874952579573)
2024,522,CP222,CB222,222 Demo Lane,Southwest,Synthetic Cafe 222,"222 Demo Lane, Melbourne",4511,Cafes and Restaurants,Seats - Outdoor,32,144.9519947867937,-37.81587192470758,POINT (144.9519947867937 -37.81587192470758)
2024,222,CP223,CB223,223 Demo Lane,Southwest,Synthetic Cafe 223,"223 Demo Lane, Melbourne",4511,Cafes and Restaurants,Seats - Indoor,19,144.9439143325977,-37.824974021233224,POINT (144.9439143325977 -37.824974021233224)
2024,204,CP224,CB224,224 Demo Lane,Southwest,Synthetic Cafe 224,"224 Demo Lane, Melbourne",4511,Cafes and Restaurants,Seats - Indoor,98,144.9481846940329,-37.83100105255558,POINT (144.9481846940329 -37.83100105255558)
2024,82,CP225,CB225,225 Demo Lane,Southwest,Synthetic Cafe 225,"225 Demo Lane, Melbourne",4511,Cafes and Restaurants,Seats - Outdoor,39,144.94835268387524,-37.819837123743696,POINT (144.94835268387524 -37.819837123743696)
2024,84,CP226,CB226,226 Demo Lane,Southwest,Synthetic Cafe 226,"226 Demo Lane, Melbourne",4511,Cafes and Restaurants,Seats - Outdoor,96,144.9558652132306,-37.819719781163805,POINT (144.9558652132306 -37.819719781163805)
2024,273,CP245,CB245,245 Demo Lane,Docklands,Synthetic Cafe 245,"245 Demo Lane, Melbourne",4511,Cafes and Restaurants,Seats - Outdoor,82,144.94306961881253,-37.81362093077602,POINT (144.94306961881253 -37.81362093077602)
2024,411,CP246,CB246,246 Demo Lane,Docklands,Synthetic Cafe 246,"246 Demo Lane, Melbourne",4511,Cafes and Restaurants,Seats - Outdoor,21,144.951884717873,-37.80137195254639,POINT (144.951884717873 -37.80137195254639)
2024,220,CP247,CB247,247 Demo Lane,Docklands,Synthetic Cafe 247,"247 Demo Lane, Melbourne",4511,Cafes and Restaurants,Seats - Indoor,15,144.94777429185805,-37.81259067601385,POINT (144.94777429185805 -37.81259067601385)
2024,129,CP248,CB248,248 Demo Lane,Docklands,Synthetic Cafe 248,"248 Demo Lane, Melbourne",4511,Cafes and Restaurants,Seats - Outdoor,108,144.94700937892728,-37.81346337666106,POINT (144.94700937892728 -37.81346337666106)
2024,469,CP249,CB249,249 Demo Lane,Docklands,Synthetic Cafe 249,"249 Demo Lane, Melbourne",4511,Cafes and Restaurants,Seats - Outdoor,96,144.95731067500532,-37.82458470574566,POINT (144.95731067500532 -37.82458470574566)
2024,105,CP250,CB250,250 Demo Lane,Docklands,Synthetic Cafe 250,"250 Demo Lane, Melbourne",4511,Cafes and Restaurants,Seats - Outdoor,108,144.92984389510022,-37.817365244111876,POINT (144.92984389510022 -37.817365244111876)
2024,58,CP251,CB251,251 Demo Lane,Docklands,Synthetic Cafe 251,"251 Demo Lane, Melbourne",4511,Cafes and Restaurants,Seats - Indoor,102,144.9370762108089,-37.813578440546735,POINT (144.9370762108089 -37.813578440546735)
2024,289,CP252,CB252,252 Demo Lane,Docklands,Synthetic Cafe 252,"252 Demo Lane, Melbourne",4511,Cafes and Restaurants,Seats - Outdoor,113,144.9386905070154,-37.816115116057055,POINT (144.9386905070154 -37.816115116057055)
2024,288,CP253,CB253,253 Demo Lane,Docklands,Synthetic Cafe 253,"253 Demo Lane, Melbourne",4511,Cafes and Restaurants,Seats - Indoor,50,144.94445717546702,-37.80370975443973,POINT (144.94445717546702 -37.80370975443973)
2024,131,CP254,CB254,254 Demo Lane,Docklands,Synthetic Cafe 254,"254 Demo Lane, Melbourne",4511,Cafes and Restaurants,Seats - Indoor,76,144.94521774281165,-37.812989626652374,POINT (144.94521774281165 -37.812989626652374)
2024,282,CP255,CB255,255 Demo Lane,Docklands,Synthetic Cafe 255,"255 Demo Lane, Melbourne",4511,Cafes and Restaurants,Seats - Indoor,46,144.9364487204656,-37.804269334504085,POINT (144.9364487204656 -37.804269334504085)
2024,412,CP256,CB256,256 Demo Lane,Docklands,Synthetic Cafe 256,"256 Demo Lane, Melbourne",4511,Cafes and Restaurants,Seats - Indoor,37,144.94010389377382,-37.811629772195694,POINT (144.94010389377382 -37.811629772195694)
2024,541,CP257,CB257,257 Demo Lane,Docklands,Synthetic Cafe 257,"257 Demo Lane, Melbourne",4511,Cafes and Restaurants,Seats - Indoor,58,144.94097410825034,-37.81177663298147,POINT (144.94097410825034 -37.81177663298147)
2024,126,CP258,CB258,258 Demo Lane,Docklands,Synthetic Cafe 258,"258 Demo Lane, Melbourne",4511,Cafes and Restaurants,Seats - Indoor,59,144.96420196864455,-37.812532778686275,POINT (144.96420196864455 -37.812532778686275)
2024,316,CP259,CB259,259 Demo Lane,Docklands,Synthetic Cafe 259,"259 Demo Lane, Melbourne",4511,Cafes and Restaurants,Seats - Indoor,23,144.95961219363423,-37.81197722249027,POINT (144.95961219363423 -37.81197722249027)
2024,82,CP260,CB260,260 Demo Lane,Docklands,Synthetic Cafe 260,"260 Demo Lane, Melbourne",4511,Cafes and Restaurants,Seats - Outdoor,105,144.94411775407622,-37.801687229981695,POINT (144.94411775407622 -37.801687229981695)
2024,110,CP261,CB261,261 Demo Lane,Docklands,Synthetic Cafe 261,"261 Demo Lane, Melbourne",4511,Cafes and Restaurants,Seats - Indoor,51,144.94445491696786,-37.8259176643605,POINT (144.94445491696786 -37.8259176643605)
2024,219,CP262,CB262,262 Demo Lane,Docklands,Synthetic Cafe 262,"262 Demo Lane, Melbourne",4511,Cafes and Restaurants,Seats - Indoor,20,144.9389555720197,-37.82400927446663,POINT (144.9389555720197 -37.82400927446663)
2024,319,CP263,CB263,263 Demo Lane,Docklands,Synthetic Cafe 263,"263 Demo Lane, Melbourne",4511,Cafes and Restaurants,Seats - Indoor,50,144.9336430871074,-37.81525902498633,POINT (144.9336430871074 -37.81525902498633)
2024,161,CP264,CB264,264 Demo Lane,Docklands,Synthetic Cafe 264,"264 Demo Lane, Melbourne",4511,Cafes and Restaurants,Seats - Outdoor,79,144.94618183869514,-37.81191283270837,POINT (144.94618183869514 -37.81191283270837)
2024,254,CP265,CB265,265 Demo Lane,Docklands,Synthetic Cafe 265,"265 Demo Lane, Melbourne",4511,Cafes and Restaurants,Seats - Indoor,99,144.9400150361173,-37.807859373451414,POINT (144.9400150361173 -37.807859373451414)
2024,539,CP266,CB266,266 Demo Lane,Docklands,Synthetic Cafe 266,"266 Demo Lane, Melbourne",4511,Cafes and Restaurants,Seats - Indoor,112,144.94640604627836,-37.80916147681183,POINT (144.94640604627836 -37.80916147681183)
2024,424,CP267,CB267,267 Demo Lane,Docklands,Synthetic Cafe 267,"267 Demo Lane, Melbourne",4511,Cafes and Restaurants,Seats - Indoor,94,144.9357985590567,-37.81430547547728,POINT (144.9357985590567 -37.81430547547728)
2024,66,CP268,CB268,268 Demo Lane,Docklands,Synthetic Cafe 268,"268 Demo Lane, Melbourne",4511,Cafes and Restaurants,Seats - Indoor,27,144.94166617879182,-37.80588573784055,POINT (144.94166617879182 -37.80588573784055)
2024,279,CP269,CB269,269 Demo Lane,Docklands,Synthetic Cafe 269,"269 Demo Lane, Melbourne",4511,Cafes and Restaurants,Seats - Outdoor,57,144.9480403896671,-37.80581882758108,POINT (144.9480403896671 -37.80581882758108)
2024,74,CP270,CB270,270 Demo Lane,Docklands,Synthetic Cafe 270,"270 Demo Lane, Melbourne",4511,Cafes and Restaurants,Seats - Indoor,104,144.9495634671845,-37.810895653012366,POINT (144.9495634671845 -37.810895653012366)
2024,584,CP271,CB271,271 Demo Lane,Docklands,Synthetic Cafe 271,"271 Demo Lane, Melbourne",4511,Cafes and Restaurants,Seats - Outdoor,25,144.9499223037112,-37.80622405456508,POINT (144.9499223037112 -37.80622405456508)
2024,497,CP272,CB272,272 Demo Lane,Docklands,Synthetic Cafe 272,"272 Demo Lane, Melbourne",4511,Cafes and Restaurants,Seats - Outdoor,70,144.93775657711092,-37.81036412841941,POINT (144.93775657711092 -37.81036412841941)
