location_id,sensor_description,sensor_name,installation_date,note,location_type,status,direction_1,direction_2,latitude,longitude,location
1,Synthetic pedestrian sensor 1,SYN_SENSOR_01,2019-01-01,Synthetic demo record,Outdoor,A,North,South,-37.81201709616221,144.96522215603906,POINT (144.96522215603906 -37.81201709616221)
2,Synthetic pedestrian sensor 2,SYN_SENSOR_02,2019-01-01,Synthetic demo record,Outdoor,A,North,South,-37.813360800935904,144.95890318534668,POINT (144.95890318534668 -37.813360800935904)
3,Synthetic pedestrian sensor 3,SYN_SENSOR_03,2019-01-01,Synthetic demo record,Outdoor,A,North,South,-37.81359962023109,144.95698173690408,POINT (144.95698173690408 -37.81359962023109)
4,Synthetic pedestrian sensor 4,SYN_SENSOR_04,2019-01-01,Synthetic demo record,Outdoor,A,North,South,-37.81684701115094,144.969651286242,POINT (144.969651286242 -37.81684701115094)
5,Synthetic pedestrian sensor 5,SYN_SENSOR_05,2019-01-01,Synthetic demo record,Outdoor,A,North,South,-37.812175775822475,144.9645451207383,POINT (144.9645451207383 -37.812175775822475)
6,Synthetic pedestrian sensor 6,SYN_SENSOR_06,2019-01-01,Synthetic demo record,Outdoor,A,North,South,-37.81403778969286,144.96574078871865,POINT (144.96574078871865 -37.81403778969286)
7,Synthetic pedestrian sensor 7,SYN_SENSOR_07,2019-01-01,Synthetic demo record,Outdoor,A,North,South,-37.804180742609816,144.95350477707163,POINT (144.95350477707163 -37.804180742609816)
8,Synthetic pedestrian sensor 8,SYN_SENSOR_08,2019-01-01,Synthetic demo record,Outdoor,A,North,South,-37.80651990293886,144.96820091164858,POINT (144.96820091164858 -37.80651990293886)
9,Synthetic pedestrian sensor 9,SYN_SENSOR_09,2019-01-01,Synthetic demo record,Outdoor,A,North,South,-37.79895510847804,144.96593081452562,POINT (144.96593081452562 -37.79895510847804)
10,Synthetic pedestrian sensor 10,SYN_SENSOR_10,2019-01-01,Synthetic demo record,Outdoor,A,North,South,-37.805996938079865,144.96511412441987,POINT (144.96511412441987 -37.805996938079865)
11,Synthetic pedestrian sensor 11,SYN_SENSOR_11,2019-01-01,Synthetic demo record,Outdoor,A,North,South,-37.80312186163353,144.96733909381655,POINT (144.96733909381655 -37.80312186163353)
12,Synthetic pedestrian sensor 12,SYN_SENSOR_12,2019-01-01,Synthetic demo record,Outdoor,A,North,South,-37.799813272580394,144.97459320585145,POINT (144.97459320585145 -37.799813272580394)
13,Synthetic pedestrian sensor 13,SYN_SENSOR_13,2019-01-01,Synthetic demo record,Outdoor,A,North,South,-37.8007638994074,144.95238337857486,POINT (144.95238337857486 -37.8007638994074)
14,Synthetic pedestrian sensor 14,SYN_SENSOR_14,2019-01-01,Synthetic demo record,Outdoor,A,North,South,-37.80231477033612,144.9651973235452,POINT (144.9651973235452 -37.80231477033612)
15,Synthetic pedestrian sensor 15,SYN_SENSOR_15,2019-01-01,Synthetic demo record,Outdoor,A,North,South,-37.82170569410382,144.9650004261779,POINT (144.9650004261779 -37.82170569410382)
16,Synthetic pedestrian sensor 16,SYN_SENSOR_16,2019-01-01,Synthetic demo record,Outdoor,A,North,South,-37.821168027046404,144.94706376227296,POINT (144.94706376227296 -37.821168027046404)
17,Synthetic pedestrian sensor 17,SYN_SENSOR_17,2019-01-01,Synthetic demo record,Outdoor,A,North,South,-37.82417361561594,144.96025105407534,POINT (144.96025105407534 -37.82417361561594)
18,Synthetic pedestrian sensor 18,SYN_SENSOR_18,2019-01-01,Synthetic demo record,Outdoor,A,North,South,-37.83040524802115,144.95369311127283,POINT (144.95369311127283 -37.83040524802115)
19,Synthetic pedestrian sensor 19,SYN_SENSOR_19,2019-01-01,Synthetic demo record,Outdoor,A,North,South,-37.821024020323286,144.95516271609793,POINT (144.95516271609793 -37.821024020323286)
20,Synthetic pedestrian sensor 20,SYN_SENSOR_20,2019-01-01,Synthetic demo record,Outdoor,A,North,South,-37.816738043298166,144.95652771382976,POINT (144.95652771382976 -37.816738043298166)
21,Synthetic pedestrian sensor 21,SYN_SENSOR_21,2019-01-01,Synthetic demo record,Outdoor,A,North,South,-37.8135050527756,144.95347576538938,POINT (144.95347576538938 -37.8135050527756)
22,Synthetic pedestrian sensor 22,SYN_SENSOR_22,2019-01-01,Synthetic demo record,Outdoor,A,North,South,-37.806149799323855,144.94941497673412,POINT (144.94941497673412 -37.806149799323855)
23,Synthetic pedestrian sensor 23,SYN_SENSOR_23,2019-01-01,Synthetic demo record,Outdoor,A,North,South,-37.80937805141105,144.95659163989393,POINT (144.95659163989393 -37.80937805141105)
24,Synthetic peripheral sensor 24,SYN_SENSOR_24,2019-01-01,Synthetic demo record,Outdoor,A,North,South,-37.80584475956639,144.9813074279563,POINT (144.9813074279563 -37.80584475956639)
25,Synthetic peripheral sensor 25,SYN_SENSOR_25,2019-01-01,Synthetic demo record,Outdoor,A,North,South,-37.81303666343605,144.96930423404874,POINT (144.96930423404874 -37.81303666343605)
26,Synthetic peripheral sensor 26,SYN_SENSOR_26,2019-01-01,Synthetic demo record,Outdoor,A,North,South,-37.82771066314905,144.97644252136172,POINT (144.97644252136172 -37.82771066314905)
27,Synthetic peripheral sensor 27,SYN_SENSOR_27,2019-01-01,Synthetic demo record,Outdoor,A,North,South,-37.832855724412454,144.9736358690173,POINT (144.9736358690173 -37.832855724412454)
28,Synthetic peripheral sensor 28,SYN_SENSOR_28,2019-01-01,Synthetic demo record,Outdoor,A,North,South,-37.79335685590044,144.93424719861113,POINT (144.93424719861113 -37.79335685590044)
