property_number,venue_name,venue_address,space_type,website,lat,lon,location,geolocation
SYN0001,Synthetic Central Venue 1,"1 Demo Street, Melbourne",Bar,https://example.invalid/demo,-37.81253349022086,144.96587190740158,POINT (144.96587190740158 -37.81253349022086),"-37.81253349022086, 144.96587190740158"
SYN0002,Synthetic Central Venue 2,"2 Demo Street, Melbourne",Nightclub,https://example.invalid/demo,-37.81723994437184,144.96818037531725,POINT (144.96818037531725 -37.81723994437184),"-37.81723994437184, 144.96818037531725"
SYN0003,Synthetic Central Venue 3,"3 Demo Street, Melbourne",Performance space,https://example.invalid/demo,-37.810973420814676,144.96258723644056,POINT (144.96258723644056 -37.810973420814676),"-37.810973420814676, 144.96258723644056"
SYN0004,Synthetic Central Venue 4,"4 Demo Street, Melbourne",Bar,https://example.invalid/demo,-37.81030802349263,144.95931929585367,POINT (144.95931929585367 -37.81030802349263),"-37.81030802349263, 144.95931929585367"
SYN0005,Synthetic Central Venue 5,"5 Demo Street, Melbourne",Bar,https://example.invalid/demo,-37.82042862316029,144.9593898345294,POINT (144.9593898345294 -37.82042862316029),"-37.82042862316029, 144.9593898345294"
SYN0006,Synthetic Central Venue 6,"6 Demo Street, Melbourne",Bar,https://example.invalid/demo,-37.81815762827402,144.9660276675452,POINT (144.9660276675452 -37.81815762827402),"-37.81815762827402, 144.9660276675452"
SYN0007,Synthetic Central Venue 7,"7 Demo Street, Melbourne",Bar,https://example.invalid/demo,-37.81315255858892,144.96644464377042,POINT (144.96644464377042 -37.81315255858892),"-37.81315255858892, 144.96644464377042"
SYN0008,Synthetic Central Venue 8,"8 Demo Street, Melbourne",Theatre,https://example.invalid/demo,-37.814706849073204,144.96554419420738,POINT (144.96554419420738 -37.814706849073204),"-37.814706849073204, 144.96554419420738"
SYN0009,Synthetic Central Venue 9,"9 Demo Street, Melbourne",Theatre,https://example.invalid/demo,-37.813658804051265,144.9601052063172,POINT (144.9601052063172 -37.813658804051265),"-37.813658804051265, 144.9601052063172"
SYN0010,Synthetic Central Venue 10,"10 Demo Street, Melbourne",Performance space,https://example.invalid/demo,-37.81658565374651,144.9641447259538,POINT (144.9641447259538 -37.81658565374651),"-37.81658565374651, 144.9641447259538"
SYN0011,Synthetic Central Venue 11,"11 Demo Street, Melbourne",Theatre,https://example.invalid/demo,-37.810522107087984,144.96362508614112,POINT (144.96362508614112 -37.810522107087984),"-37.810522107087984, 144.96362508614112"
SYN0012,Synthetic Central Venue 12,"12 Demo Street, Melbourne",Nightclub,https://example.invalid/demo,-37.810877728226,144.96408409868528,POINT (144.96408409868528 -37.810877728226),"-37.810877728226, 144.96408409868528"
SYN0013,Synthetic Central Venue 13,"13 Demo Street, Melbourne",Performance space,https://example.invalid/demo,-37.813368892558536,144.96702142950076,POINT (144.96702142950076 -37.813368892558536),"-37.813368892558536, 144.96702142950076"
SYN0014,Synthetic Central Venue 14,"14 Demo Street, Melbourne",Bar,https://example.invalid/demo,-37.80965465577561,144.9641061799695,POINT (144.9641061799695 -37.80965465577561),"-37.80965465577561, 144.9641061799695"
SYN0015,Synthetic Central Venue 15,"15 Demo Street, Melbourne",Bar,https://example.invalid/demo,-37.81196371730212,144.96615511103383,POINT (144.96615511103383 -37.81196371730212),"-37.81196371730212, 144.96615511103383"
SYN0016,Synthetic Central Venue 16,"16 Demo Street, Melbourne",Bar,https://example.invalid/demo,-37.81660752362009,144.96340410581269,POINT (144.96340410581269 -37.81660752362009),"-37.81660752362009, 144.96340410581269"
SYN0017,Synthetic Central Venue 17,"17 Demo Street, Melbourne",Performance space,https://example.invalid/demo,-37.81230937225571,144.9644010372941,POINT (144.9644010372941 -37.81230937225571),"-37.81230937225571, 144.9644010372941"
SYN0018,Synthetic Central Venue 18,"18 Demo Street, Melbourne",Nightclub,https://example.invalid/demo,-37.8169560891029,144.96594079701626,POINT (144.96594079701626 -37.8169560891029),"-37.8169560891029, 144.96594079701626"
SYN0019,Synthetic Central Venue 19,"19 Demo Street, Melbourne",Bar,https://example.invalid/demo,-37.81052542394543,144.95654279881066,POINT (144.95654279881066 -37.81052542394543),"-37.81052542394543, 144.95654279881066"
SYN0020,Synthetic Central Venue 20,"20 Demo Street, Melbourne",Nightclub,https://example.invalid/demo,-37.81377474068845,144.96166147952638,POINT (144.96166147952638 -37.81377474068845),"-37.81377474068845, 144.96166147952638"
SYN0021,Synthetic Central Venue 21,"21 Demo Street, Melbourne",Bar,https://example.invalid/demo,-37.81424701827241,144.96098332305567,POINT (144.96098332305567 -37.81424701827241),"-37.81424701827241, 144.96098332305567"
SYN0022,Synthetic Central Venue 22,"22 Demo Street, Melbourne",Performance space,https://example.invalid/demo,-37.81598325340541,144.9602250496829,POINT (144.9602250496829 -37.81598325340541),"-37.81598325340541, 144.9602250496829"
SYN0023,Synthetic Central Venue 23,"23 Demo Street, Melbourne",Nightclub,https://example.invalid/demo,-37.809321105314645,144.9618618598695,POINT (144.9618618598695 -37.809321105314645),"-37.809321105314645, 144.9618618598695"
SYN0024,Synthetic Central Venue 24,"24 Demo Street, Melbourne",Bar,https://example.invalid/demo,-37.81414085318724,144.96982723590054,POINT (144.96982723590054 -37.81414085318724),"-37.81414085318724, 144.96982723590054"
SYN0025,Synthetic Central Venue 25,"25 Demo Street, Melbourne",Bar,https://example.invalid/demo,-37.81509914737757,144.95920375997937,POINT (144.95920375997937 -37.81509914737757),"-37.81509914737757, 144.95920375997937"
SYN0026,Synthetic Central Venue 26,"26 Demo Street, Melbourne",Theatre,https://example.invalid/demo,-37.81483246742671,144.96745725259566,POINT (144.96745725259566 -37.81483246742671),"-37.81483246742671, 144.96745725259566"
SYN0027,Synthetic Central Venue 27,"27 Demo Street, Melbourne",Bar,https://example.invalid/demo,-37.81173691785057,144.95552708602773,POINT (144.95552708602773 -37.81173691785057),"-37.81173691785057, 144.95552708602773"
SYN0028,Synthetic Central Venue 28,"28 Demo Street, Melbourne",Bar,https://example.invalid/demo,-37.81232094577473,144.96159301736506,POINT (144.96159301736506 -37.81232094577473),"-37.81232094577473, 144.96159301736506"
SYN0029,Synthetic Central Venue 29,"29 Demo Street, Melbourne",Bar,https://example.invalid/demo,-37.81215543585942,144.96383238879298,POINT (144.96383238879298 -37.81215543585942),"-37.81215543585942, 144.96383238879298"
SYN0030,Synthetic Central Venue 30,"30 Demo Street, Melbourne",Hotel,https://example.invalid/demo,-37.812092126489475,144.96573800049111,POINT (144.96573800049111 -37.812092126489475),"-37.812092126489475, 144.96573800049111"
SYN0031,Synthetic Central Venue 31,"31 Demo Street, Melbourne",Hotel,https://example.invalid/demo,-37.80610423339695,144.96630051960906,POINT (144.96630051960906 -37.80610423339695),"-37.80610423339695, 144.96630051960906"
SYN0032,Synthetic Central Venue 32,"32 Demo Street, Melbourne",Performance space,https://example.invalid/demo,-37.81502245255735,144.9666700625584,POINT (144.9666700625584 -37.81502245255735),"-37.81502245255735, 144.9666700625584"
SYN0033,Synthetic Central Venue 33,"33 Demo Street, Melbourne",Bar,https://example.invalid/demo,-37.81539284955175,144.96153073717488,POINT (144.96153073717488 -37.81539284955175),"-37.81539284955175, 144.96153073717488"
SYN0034,Synthetic Central Venue 34,"34 Demo Street, Melbourne",Hotel,https://example.invalid/demo,-37.81644820454887,144.961019416933,POINT (144.961019416933 -37.81644820454887),"-37.81644820454887, 144.961019416933"
SYN0035,Synthetic North Venue 35,"35 Demo Street, Melbourne",Bar,https://example.invalid/demo,-37.802246923898714,144.97308486301048,POINT (144.97308486301048 -37.802246923898714),"-37.802246923898714, 144.97308486301048"
SYN0036,Synthetic North Venue 36,"36 Demo Street, Melbourne",Theatre,https://example.invalid/demo,-37.798418695510364,144.96115056625555,POINT (144.96115056625555 -37.798418695510364),"-37.798418695510364, 144.96115056625555"
SYN0037,Synthetic North Venue 37,"37 Demo Street, Melbourne",Bar,https://example.invalid/demo,-37.80426766188004,144.96362111810262,POINT (144.96362111810262 -37.80426766188004),"-37.80426766188004, 144.96362111810262"
SYN0038,Synthetic North Venue 38,"38 Demo Street, Melbourne",Theatre,https://example.invalid/demo,-37.801719031452535,144.96233040826368,POINT (144.96233040826368 -37.801719031452535),"-37.801719031452535, 144.96233040826368"
SYN0039,Synthetic North Venue 39,"39 Demo Street, Melbourne",Bar,https://example.invalid/demo,-37.80432507719219,144.9647458558858,POINT (144.9647458558858 -37.80432507719219),"-37.80432507719219, 144.9647458558858"
SYN0040,Synthetic North Venue 40,"40 Demo Street, Melbourne",Theatre,https://example.invalid/demo,-37.802186615765656,144.960304912336,POINT (144.960304912336 -37.802186615765656),"-37.802186615765656, 144.960304912336"
SYN0041,Synthetic North Venue 41,"41 Demo Street, Melbourne",Performance space,https://example.invalid/demo,-37.7980589215189,144.96935817926067,POINT (144.96935817926067 -37.7980589215189),"-37.7980589215189, 144.96935817926067"
SYN0042,Synthetic North Venue 42,"42 Demo Street, Melbourne",Performance space,https://example.invalid/demo,-37.80704562148117,144.96549999786305,POINT (144.96549999786305 -37.80704562148117),"-37.80704562148117, 144.96549999786305"
SYN0043,Synthetic North Venue 43,"43 Demo Street, Melbourne",Bar,https://example.invalid/demo,-37.79947951724759,144.95988137167473,POINT (144.95988137167473 -37.79947951724759),"-37.79947951724759, 144.95988137167473"
SYN0044,Synthetic North Venue 44,"44 Demo Street, Melbourne",Hotel,https://example.invalid/demo,-37.80016792539184,144.96192989413456,POINT (144.96192989413456 -37.80016792539184),"-37.80016792539184, 144.96192989413456"
SYN0045,Synthetic North Venue 45,"45 Demo Street, Melbourne",Bar,https://example.invalid/demo,-37.80307952484494,144.96791081231353,POINT (144.96791081231353 -37.80307952484494),"-37.80307952484494, 144.96791081231353"
SYN0046,Synthetic North Venue 46,"46 Demo Street, Melbourne",Bar,https://example.invalid/demo,-37.80606120249036,144.9702715695555,POINT (144.9702715695555 -37.80606120249036),"-37.80606120249036, 144.9702715695555"
SYN0047,Synthetic North Venue 47,"47 Demo Street, Melbourne",Theatre,https://example.invalid/demo,-37.800747546723,144.9754852890126,POINT (144.9754852890126 -37.800747546723),"-37.800747546723, 144.9754852890126"
SYN0048,Synthetic North Venue 48,"48 Demo Street, Melbourne",Bar,https://example.invalid/demo,-37.80285322448172,144.97961238109704,POINT (144.97961238109704 -37.80285322448172),"-37.80285322448172, 144.97961238109704"
SYN0049,Synthetic North Venue 49,"49 Demo Street, Melbourne",Performance space,https://example.invalid/demo,-37.80018563326026,144.96836484244974,POINT (144.96836484244974 -37.80018563326026),"-37.80018563326026, 144.96836484244974"
SYN0050,Synthetic North Venue 50,"50 Demo Street, Melbourne",Performance space,https://example.invalid/demo,-37.800923517490666,144.96204707845985,POINT (144.96204707845985 -37.800923517490666),"-37.800923517490666, 144.96204707845985"
SYN0051,Synthetic North Venue 51,"51 Demo Street, Melbourne",Bar,https://example.invalid/demo,-37.79539377388038,144.95690579173672,POINT (144.95690579173672 -37.79539377388038),"-37.79539377388038, 144.95690579173672"
SYN0052,Synthetic North Venue 52,"52 Demo Street, Melbourne",Hotel,https://example.invalid/demo,-37.80183774469616,144.96770470158054,POINT (144.96770470158054 -37.80183774469616),"-37.80183774469616, 144.96770470158054"
SYN0053,Synthetic North Venue 53,"53 Demo Street, Melbourne",Bar,https://example.invalid/demo,-37.80458224122418,144.9628417650711,POINT (144.9628417650711 -37.80458224122418),"-37.80458224122418, 144.9628417650711"
SYN0054,Synthetic North Venue 54,"54 Demo Street, Melbourne",Nightclub,https://example.invalid/demo,-37.80037253527765,144.96463089232918,POINT (144.96463089232918 -37.80037253527765),"-37.80037253527765, 144.96463089232918"
SYN0055,Synthetic North Venue 55,"55 Demo Street, Melbourne",Bar,https://example.invalid/demo,-37.800230011606104,144.96374556440423,POINT (144.96374556440423 -37.800230011606104),"-37.800230011606104, 144.96374556440423"
SYN0056,Synthetic North Venue 56,"56 Demo Street, Melbourne",Hotel,https://example.invalid/demo,-37.79624284348666,144.96586644101112,POINT (144.96586644101112 -37.79624284348666),"-37.79624284348666, 144.96586644101112"
SYN0057,Synthetic North Venue 57,"57 Demo Street, Melbourne",Bar,https://example.invalid/demo,-37.7980771106393,144.97129691103854,POINT (144.97129691103854 -37.7980771106393),"-37.7980771106393, 144.97129691103854"
SYN0058,Synthetic North Venue 58,"58 Demo Street, Melbourne",Bar,https://example.invalid/demo,-37.79975095129298,144.9672067185535,POINT (144.9672067185535 -37.79975095129298),"-37.79975095129298, 144.9672067185535"
SYN0059,Synthetic Southwest Venue 59,"59 Demo Street, Melbourne",Performance space,https://example.invalid/demo,-37.82678962017318,144.95469216354022,POINT (144.95469216354022 -37.82678962017318),"-37.82678962017318, 144.95469216354022"
SYN0060,Synthetic Southwest Venue 60,"60 Demo Street, Melbourne",Performance space,https://example.invalid/demo,-37.826972781510115,144.95377565705488,POINT (144.95377565705488 -37.826972781510115),"-37.826972781510115, 144.95377565705488"
SYN0061,Synthetic Southwest Venue 61,"61 Demo Street, Melbourne",Performance space,https://example.invalid/demo,-37.82189594228797,144.9620764993151,POINT (144.9620764993151 -37.82189594228797),"-37.82189594228797, 144.9620764993151"
SYN0062,Synthetic Southwest Venue 62,"62 Demo Street, Melbourne",Bar,https://example.invalid/demo,-37.81697318060256,144.9505182944308,POINT (144.9505182944308 -37.81697318060256),"-37.81697318060256, 144.9505182944308"
SYN0063,Synthetic Southwest Venue 63,"63 Demo Street, Melbourne",Bar,https://example.invalid/demo,-37.82194002935249,144.9514737284147,POINT (144.9514737284147 -37.82194002935249),"-37.82194002935249, 144.9514737284147"
SYN0064,Synthetic Southwest Venue 64,"64 Demo Street, Melbourne",Hotel,https://example.invalid/demo,-37.822915234141384,144.9583949705761,POINT (144.9583949705761 -37.822915234141384),"-37.822915234141384, 144.9583949705761"
SYN0065,Synthetic Southwest Venue 65,"65 Demo Street, Melbourne",Bar,https://example.invalid/demo,-37.82149960851139,144.95372427694713,POINT (144.95372427694713 -37.82149960851139),"-37.82149960851139, 144.95372427694713"
SYN0066,Synthetic Southwest Venue 66,"66 Demo Street, Melbourne",Bar,https://example.invalid/demo,-37.817928993904026,144.95547695159976,POINT (144.95547695159976 -37.817928993904026),"-37.817928993904026, 144.95547695159976"
SYN0067,Synthetic Southwest Venue 67,"67 Demo Street, Melbourne",Nightclub,https://example.invalid/demo,-37.82173216124522,144.95476450695665,POINT (144.95476450695665 -37.82173216124522),"-37.82173216124522, 144.95476450695665"
SYN0068,Synthetic Southwest Venue 68,"68 Demo Street, Melbourne",Theatre,https://example.invalid/demo,-37.823938245307914,144.9570190854696,POINT (144.9570190854696 -37.823938245307914),"-37.823938245307914, 144.9570190854696"
SYN0069,Synthetic Southwest Venue 69,"69 Demo Street, Melbourne",Hotel,https://example.invalid/demo,-37.81862798951479,144.9618336683759,POINT (144.9618336683759 -37.81862798951479),"-37.81862798951479, 144.9618336683759"
SYN0070,Synthetic Southwest Venue 70,"70 Demo Street, Melbourne",Bar,https://example.invalid/demo,-37.820999352465385,144.95590763208105,POINT (144.95590763208105 -37.820999352465385),"-37.820999352465385, 144.95590763208105"
SYN0071,Synthetic Southwest Venue 71,"71 Demo Street, Melbourne",Hotel,https://example.invalid/demo,-37.81712485402801,144.95839772456975,POINT (144.95839772456975 -37.81712485402801),"-37.81712485402801, 144.95839772456975"
SYN0072,Synthetic Southwest Venue 72,"72 Demo Street, Melbourne",Bar,https://example.invalid/demo,-37.82185867946972,144.94627422554535,POINT (144.94627422554535 -37.82185867946972),"-37.82185867946972, 144.94627422554535"
SYN0073,Synthetic Southwest Venue 73,"73 Demo Street, Melbourne",Theatre,https://example.invalid/demo,-37.82678564161102,144.9552807671913,POINT (144.9552807671913 -37.82678564161102),"-37.82678564161102, 144.9552807671913"
SYN0074,Synthetic Southwest Venue 74,"74 Demo Street, Melbourne",Theatre,https://example.invalid/demo,-37.827288557197356,144.9517054637837,POINT (144.9517054637837 -37.827288557197356),"-37.827288557197356, 144.9517054637837"
SYN0075,Synthetic Southwest Venue 75,"75 Demo Street, Melbourne",Bar,https://example.invalid/demo,-37.816721752237186,144.9500153412281,POINT (144.9500153412281 -37.816721752237186),"-37.816721752237186, 144.9500153412281"
SYN0076,Synthetic Southwest Venue 76,"76 Demo Street, Melbourne",Bar,https://example.invalid/demo,-37.81646716997726,144.95154831434883,POINT (144.95154831434883 -37.81646716997726),"-37.81646716997726, 144.95154831434883"
SYN0077,Synthetic Docklands Venue 77,"77 Demo Street, Melbourne",Bar,https://example.invalid/demo,-37.811201200844515,144.94461752257686,POINT (144.94461752257686 -37.811201200844515),"-37.811201200844515, 144.94461752257686"
SYN0078,Synthetic Docklands Venue 78,"78 Demo Street, Melbourne",Bar,https://example.invalid/demo,-37.80318884086863,144.94305412649825,POINT (144.94305412649825 -37.80318884086863),"-37.80318884086863, 144.94305412649825"
SYN0079,Synthetic Docklands Venue 79,"79 Demo Street, Melbourne",Hotel,https://example.invalid/demo,-37.80543104386051,144.94657581850586,POINT (144.94657581850586 -37.80543104386051),"-37.80543104386051, 144.94657581850586"
SYN0080,Synthetic Docklands Venue 80,"80 Demo Street, Melbourne",Bar,https://example.invalid/demo,-37.81498635172695,144.9390902222389,POINT (144.9390902222389 -37.81498635172695),"-37.81498635172695, 144.9390902222389"
SYN0081,Synthetic Docklands Venue 81,"81 Demo Street, Melbourne",Bar,https://example.invalid/demo,-37.81300584176542,144.94039829639576,POINT (144.94039829639576 -37.81300584176542),"-37.81300584176542, 144.94039829639576"
SYN0082,Synthetic Docklands Venue 82,"82 Demo Street, Melbourne",Bar,https://example.invalid/demo,-37.81712204700643,144.95658161200413,POINT (144.95658161200413 -37.81712204700643),"-37.81712204700643, 144.95658161200413"
SYN0083,Synthetic Docklands Venue 83,"83 Demo Street, Melbourne",Bar,https://example.invalid/demo,-37.81406747454887,144.94120659838427,POINT (144.94120659838427 -37.81406747454887),"-37.81406747454887, 144.94120659838427"
SYN0084,Synthetic Docklands Venue 84,"84 Demo Street, Melbourne",Bar,https://example.invalid/demo,-37.81089538248743,144.94206446489696,POINT (144.94206446489696 -37.81089538248743),"-37.81089538248743, 144.94206446489696"
SYN0085,Synthetic Docklands Venue 85,"85 Demo Street, Melbourne",Bar,https://example.invalid/demo,-37.80777951232689,144.95526611087746,POINT (144.95526611087746 -37.80777951232689),"-37.80777951232689, 144.95526611087746"
SYN0086,Synthetic Docklands Venue 86,"86 Demo Street, Melbourne",Bar,https://example.invalid/demo,-37.8145517934321,144.96007280226158,POINT (144.96007280226158 -37.8145517934321),"-37.8145517934321, 144.96007280226158"
SYN0087,Synthetic Docklands Venue 87,"87 Demo Street, Melbourne",Bar,https://example.invalid/demo,-37.814289512540235,144.94172795017028,POINT (144.94172795017028 -37.814289512540235),"-37.814289512540235, 144.94172795017028"
SYN0088,Synthetic Docklands Venue 88,"88 Demo Street, Melbourne",Theatre,https://example.invalid/demo,-37.81951551160408,144.94534287969446,POINT (144.94534287969446 -37.81951551160408),"-37.81951551160408, 144.94534287969446"
SYN0089,Synthetic Docklands Venue 89,"89 Demo Street, Melbourne",Performance space,https://example.invalid/demo,-37.81256933072191,144.94853699997924,POINT (144.94853699997924 -37.81256933072191),"-37.81256933072191, 144.94853699997924"
SYN0090,Synthetic Docklands Venue 90,"90 Demo Street, Melbourne",Bar,https://example.invalid/demo,-37.81571845044151,144.95477913939982,POINT (144.95477913939982 -37.81571845044151),"-37.81571845044151, 144.95477913939982"
